{
    "n": 50,
    "k": 2,
    "r": [
        1.2641,
        1.8296,
        1.8975,
        1.6168,
        2.447,
        1.0674,
        1.8138,
        1.4791,
        1.8127,
        1.6804,
        1.0835,
        1.2483,
        2.1307,
        2.1408,
        1.5351,
        2.3649,
        2.2037,
        1.8611,
        1.3908,
        1.604,
        1.5718,
        1.0786,
        2.3251,
        1.1073,
        1.5606,
        2.391,
        1.7817,
        2.0876,
        1.6423,
        1.1998,
        2.1488,
        1.1208,
        1.6594,
        2.3174,
        1.8971,
        2.3096,
        2.1982,
        1.385,
        1.4988,
        1.2661,
        1.817,
        1.2953,
        1.2909,
        1.9737,
        1.1594,
        1.8948,
        1.84,
        1.9258,
        1.7231,
        2.4
    ],
    "R": 1.6636,
    "dij": [
        [
            0.0,
            0.3452,
            0.7469,
            0.4421,
            0.331,
            0.4152,
            0.0804,
            0.177,
            0.3092,
            0.4188,
            0.8055,
            0.2992,
            0.6327,
            0.0838,
            0.2058,
            0.2949,
            0.266,
            0.2295,
            0.487,
            0.2402,
            0.3673,
            0.5642,
            0.3196,
            0.7347,
            0.1413,
            0.2437,
            0.3482,
            0.611,
            0.3841,
            0.26,
            0.2907,
            0.143,
            0.3525,
            0.2084,
            0.4538,
            0.4826,
            0.3734,
            0.3141,
            0.3116,
            0.2586,
            0.6159,
            0.2924,
            0.1589,
            0.3197,
            0.1383,
            0.6289,
            0.7905,
            0.3573,
            0.3538,
            0.5925
        ],
        [
            0.3452,
            0.0,
            0.95,
            0.3197,
            0.0615,
            0.1482,
            0.3941,
            0.0886,
            0.2299,
            0.4034,
            0.6338,
            0.5315,
            0.7694,
            0.2033,
            0.0593,
            0.369,
            0.1391,
            0.3913,
            0.2436,
            0.4071,
            0.2562,
            0.3534,
            0.2378,
            0.6,
            0.2669,
            0.3432,
            0.3954,
            0.75,
            0.2072,
            0.1902,
            0.1977,
            0.4866,
            0.3412,
            0.1508,
            0.298,
            0.8469,
            0.341,
            0.3023,
            0.4212,
            0.4741,
            0.7274,
            0.4563,
            0.1614,
            0.0327,
            0.221,
            0.6426,
            0.5284,
            0.3562,
            0.2091,
            0.6643
        ],
        [
            0.7469,
            0.95,
            0.0,
            0.7254,
            0.6033,
            0.7041,
            0.6333,
            0.6873,
            0.4326,
            0.686,
            0.3852,
            0.703,
            0.2447,
            0.7571,
            0.542,
            0.6766,
            0.605,
            0.6175,
            0.5403,
            0.589,
            0.9211,
            0.8281,
            0.7932,
            0.2852,
            0.7978,
            0.8338,
            0.5427,
            0.169,
            0.5876,
            0.7508,
            0.7677,
            0.6614,
            0.6174,
            0.5992,
            0.7295,
            0.2441,
            0.6386,
            0.6198,
            0.6261,
            0.6808,
            0.361,
            0.8013,
            0.6979,
            0.8564,
            0.95,
            0.2539,
            0.4419,
            0.5782,
            0.5526,
            0.2414
        ],
        [
            0.4421,
            0.3197,
            0.7254,
            0.0,
            0.3179,
            0.4071,
            0.3493,
            0.3819,
            0.422,
            0.2585,
            0.7844,
            0.264,
            0.7591,
            0.2913,
            0.2631,
            0.4722,
            0.1831,
            0.3501,
            0.177,
            0.1409,
            0.2721,
            0.5327,
            0.4605,
            0.6786,
            0.427,
            0.4167,
            0.3861,
            0.5865,
            0.2187,
            0.4033,
            0.2491,
            0.3372,
            0.4835,
            0.4008,
            0.4553,
            0.7513,
            0.4065,
            0.2962,
            0.2272,
            0.1764,
            0.7518,
            0.0293,
            0.3935,
            0.3966,
            0.2393,
            0.7471,
            0.8299,
            0.4853,
            0.1591,
            0.8277
        ],
        [
            0.331,
            0.0615,
            0.6033,
            0.3179,
            0.0,
            0.3119,
            0.247,
            0.3179,
            0.3433,
            0.3561,
            0.6766,
            0.2117,
            0.6317,
            0.3988,
            0.3234,
            0.2809,
            0.0562,
            0.2825,
            0.1862,
            0.3356,
            0.411,
            0.1596,
            0.4234,
            0.7235,
            0.1808,
            0.3305,
            0.261,
            0.596,
            0.236,
            0.2889,
            0.193,
            0.2907,
            0.3203,
            0.1906,
            0.4178,
            0.7069,
            0.3628,
            0.3435,
            0.1605,
            0.3387,
            0.6515,
            0.4138,
            0.4184,
            0.4467,
            0.3239,
            0.6963,
            0.6197,
            0.4339,
            0.3575,
            0.8269
        ],
        [
            0.4152,
            0.1482,
            0.7041,
            0.4071,
            0.3119,
            0.0,
            0.3458,
            0.2305,
            0.3463,
            0.1732,
            0.6067,
            0.4082,
            0.8281,
            0.2799,
            0.3142,
            0.4546,
            0.2947,
            0.2924,
            0.4697,
            0.1946,
            0.2118,
            0.5339,
            0.3568,
            0.5888,
            0.2375,
            0.4676,
            0.0566,
            0.6081,
            0.2959,
            0.4308,
            0.1414,
            0.2474,
            0.4085,
            0.3891,
            0.3379,
            0.6193,
            0.2338,
            0.4895,
            0.3337,
            0.4135,
            0.8982,
            0.2913,
            0.488,
            0.367,
            0.2458,
            0.7453,
            0.6455,
            0.2993,
            0.2857,
            0.6729
        ],
        [
            0.0804,
            0.3941,
            0.6333,
            0.3493,
            0.247,
            0.3458,
            0.0,
            0.3121,
            0.2867,
            0.4674,
            0.839,
            0.3235,
            0.6109,
            0.342,
            0.32,
            0.2999,
            0.2336,
            0.3874,
            0.1647,
            0.4137,
            0.2068,
            0.539,
            0.4695,
            0.5524,
            0.2385,
            0.4316,
            0.2253,
            0.3418,
            0.322,
            0.4062,
            0.4557,
            0.3419,
            0.4849,
            0.1862,
            0.4994,
            0.6156,
            0.2972,
            0.2379,
            0.4513,
            0.2965,
            0.9116,
            0.356,
            0.1126,
            0.5316,
            0.1905,
            0.6965,
            0.7997,
            0.3228,
            0.2573,
            0.6277
        ],
        [
            0.177,
            0.0886,
            0.6873,
            0.3819,
            0.3179,
            0.2305,
            0.3121,
            0.0,
            0.3363,
            0.0287,
            0.6729,
            0.288,
            0.5885,
            0.3295,
            0.2546,
            0.2863,
            0.2166,
            0.3442,
            0.4017,
            0.2659,
            0.2745,
            0.3786,
            0.5585,
            0.7723,
            0.308,
            0.1358,
            0.2209,
            0.6816,
            0.1982,
            0.2389,
            0.3037,
            0.1257,
            0.4456,
            0.3139,
            0.4583,
            0.7696,
            0.3031,
            0.1946,
            0.428,
            0.314,
            0.6895,
            0.3303,
            0.4053,
            0.3164,
            0.2055,
            0.6449,
            0.5862,
            0.3753,
            0.2274,
            0.8295
        ],
        [
            0.3092,
            0.2299,
            0.4326,
            0.422,
            0.3433,
            0.3463,
            0.2867,
            0.3363,
            0.0,
            0.2003,
            0.7059,
            0.5517,
            0.7757,
            0.2563,
            0.2606,
            0.303,
            0.2147,
            0.2786,
            0.385,
            0.2993,
            0.2826,
            0.36,
            0.3614,
            0.9251,
            0.4831,
            0.3175,
            0.395,
            0.6862,
            0.3538,
            0.2604,
            0.3754,
            0.1885,
            0.5139,
            0.3805,
            0.3927,
            0.8851,
            0.4128,
            0.3183,
            0.1459,
            0.2382,
            0.6713,
            0.3434,
            0.273,
            0.3075,
            0.2153,
            0.7238,
            0.7265,
            0.066,
            0.2479,
            0.7225
        ],
        [
            0.4188,
            0.4034,
            0.686,
            0.2585,
            0.3561,
            0.1732,
            0.4674,
            0.0287,
            0.2003,
            0.0,
            0.6194,
            0.36,
            0.6959,
            0.2694,
            0.2936,
            0.323,
            0.4061,
            0.2456,
            0.3711,
            0.3669,
            0.3577,
            0.1917,
            0.2957,
            0.7811,
            0.2414,
            0.2032,
            0.3335,
            0.6965,
            0.4581,
            0.2423,
            0.3892,
            0.3096,
            0.1239,
            0.4513,
            0.3402,
            0.751,
            0.2643,
            0.2531,
            0.3206,
            0.2765,
            0.5285,
            0.3961,
            0.2577,
            0.384,
            0.4369,
            0.4063,
            0.6514,
            0.4355,
            0.115,
            0.8664
        ],
        [
            0.8055,
            0.6338,
            0.3852,
            0.7844,
            0.6766,
            0.6067,
            0.839,
            0.6729,
            0.7059,
            0.6194,
            0.0,
            0.7817,
            0.2288,
            0.6919,
            0.5698,
            0.7557,
            0.8012,
            0.5261,
            0.6231,
            0.6523,
            0.5923,
            0.6521,
            0.7134,
            0.4007,
            0.6164,
            0.7512,
            0.8973,
            0.3674,
            0.6026,
            0.594,
            0.7146,
            0.7531,
            0.9374,
            0.6481,
            0.5825,
            0.1156,
            0.5986,
            0.5308,
            0.6769,
            0.7879,
            0.3853,
            0.7372,
            0.5243,
            0.6628,
            0.7924,
            0.4064,
            0.195,
            0.8888,
            0.5408,
            0.2793
        ],
        [
            0.2992,
            0.5315,
            0.703,
            0.264,
            0.2117,
            0.4082,
            0.3235,
            0.288,
            0.5517,
            0.36,
            0.7817,
            0.0,
            0.8034,
            0.2653,
            0.3967,
            0.3341,
            0.2947,
            0.6,
            0.2236,
            0.1875,
            0.1443,
            0.1795,
            0.2497,
            0.7219,
            0.3092,
            0.3644,
            0.3259,
            0.5919,
            0.3178,
            0.2085,
            0.3956,
            0.0267,
            0.2841,
            0.3379,
            0.2764,
            0.5784,
            0.306,
            0.1411,
            0.2066,
            0.5009,
            0.6049,
            0.3001,
            0.2792,
            0.2074,
            0.1005,
            0.7283,
            0.6041,
            0.1584,
            0.2878,
            0.6814
        ],
        [
            0.6327,
            0.7694,
            0.2447,
            0.7591,
            0.6317,
            0.8281,
            0.6109,
            0.5885,
            0.7757,
            0.6959,
            0.2288,
            0.8034,
            0.0,
            0.8045,
            0.8172,
            0.6226,
            0.7125,
            0.6495,
            0.7148,
            0.4873,
            0.7734,
            0.6468,
            0.779,
            0.4119,
            0.5929,
            0.9012,
            0.7831,
            0.359,
            0.6454,
            0.8,
            0.7272,
            0.7529,
            0.6993,
            0.6946,
            0.6359,
            0.2387,
            0.598,
            0.9055,
            0.6107,
            0.7861,
            0.2639,
            0.6215,
            0.5659,
            0.5551,
            0.95,
            0.3377,
            0.2213,
            0.5752,
            0.8512,
            0.3603
        ],
        [
            0.0838,
            0.2033,
            0.7571,
            0.2913,
            0.3988,
            0.2799,
            0.342,
            0.3295,
            0.2563,
            0.2694,
            0.6919,
            0.2653,
            0.8045,
            0.0,
            0.3979,
            0.1983,
            0.398,
            0.1943,
            0.3345,
            0.2072,
            0.4483,
            0.2853,
            0.1541,
            0.7845,
            0.272,
            0.3869,
            0.1553,
            0.8415,
            0.2123,
            0.1679,
            0.01,
            0.379,
            0.2514,
            0.3536,
            0.2065,
            0.5727,
            0.4867,
            0.392,
            0.2678,
            0.3167,
            0.7238,
            0.4101,
            0.2404,
            0.3938,
            0.2762,
            0.6295,
            0.8031,
            0.3629,
            0.1476,
            0.7502
        ],
        [
            0.2058,
            0.0593,
            0.542,
            0.2631,
            0.3234,
            0.3142,
            0.32,
            0.2546,
            0.2606,
            0.2936,
            0.5698,
            0.3967,
            0.8172,
            0.3979,
            0.0,
            0.2892,
            0.332,
            0.3486,
            0.3211,
            0.4389,
            0.2108,
            0.2406,
            0.3752,
            0.8842,
            0.2217,
            0.2885,
            0.3953,
            0.95,
            0.383,
            0.1477,
            0.2355,
            0.1305,
            0.2829,
            0.2645,
            0.4481,
            0.6894,
            0.2581,
            0.1909,
            0.3405,
            0.3447,
            0.7227,
            0.2696,
            0.2542,
            0.2853,
            0.2733,
            0.6544,
            0.7856,
            0.2969,
            0.4678,
            0.8246
        ],
        [
            0.2949,
            0.369,
            0.6766,
            0.4722,
            0.2809,
            0.4546,
            0.2999,
            0.2863,
            0.303,
            0.323,
            0.7557,
            0.3341,
            0.6226,
            0.1983,
            0.2892,
            0.0,
            0.2281,
            0.352,
            0.5178,
            0.2292,
            0.338,
            0.3336,
            0.2107,
            0.8826,
            0.1454,
            0.4632,
            0.4285,
            0.7939,
            0.1931,
            0.3839,
            0.4218,
            0.1255,
            0.1625,
            0.1379,
            0.3953,
            0.5886,
            0.2486,
            0.3198,
            0.3898,
            0.2161,
            0.6974,
            0.2805,
            0.2791,
            0.1659,
            0.3724,
            0.6377,
            0.7352,
            0.3759,
            0.4199,
            0.7467
        ],
        [
            0.266,
            0.1391,
            0.605,
            0.1831,
            0.0562,
            0.2947,
            0.2336,
            0.2166,
            0.2147,
            0.4061,
            0.8012,
            0.2947,
            0.7125,
            0.398,
            0.332,
            0.2281,
            0.0,
            0.3213,
            0.1663,
            0.4065,
            0.2491,
            0.3954,
            0.3734,
            0.8692,
            0.3193,
            0.2912,
            0.2495,
            0.5462,
            0.2377,
            0.2222,
            0.29,
            0.2402,
            0.3601,
            0.2065,
            0.0464,
            0.6901,
            0.3695,
            0.3302,
            0.4789,
            0.2971,
            0.6369,
            0.404,
            0.278,
            0.1246,
            0.6488,
            0.7713,
            0.5486,
            0.2794,
            0.2323,
            0.6514
        ],
        [
            0.2295,
            0.3913,
            0.6175,
            0.3501,
            0.2825,
            0.2924,
            0.3874,
            0.3442,
            0.2786,
            0.2456,
            0.5261,
            0.6,
            0.6495,
            0.1943,
            0.3486,
            0.352,
            0.3213,
            0.0,
            0.4143,
            0.3557,
            0.2185,
            0.2279,
            0.276,
            0.7339,
            0.2895,
            0.5023,
            0.2643,
            0.5707,
            0.4514,
            0.4797,
            0.3416,
            0.368,
            0.3538,
            0.4189,
            0.3364,
            0.6223,
            0.2658,
            0.3114,
            0.3601,
            0.326,
            0.6308,
            0.1085,
            0.3367,
            0.2552,
            0.1714,
            0.7025,
            0.7521,
            0.1554,
            0.2338,
            0.7783
        ],
        [
            0.487,
            0.2436,
            0.5403,
            0.177,
            0.1862,
            0.4697,
            0.1647,
            0.4017,
            0.385,
            0.3711,
            0.6231,
            0.2236,
            0.7148,
            0.3345,
            0.3211,
            0.5178,
            0.1663,
            0.4143,
            0.0,
            0.2221,
            0.6492,
            0.1736,
            0.294,
            0.7366,
            0.3635,
            0.2045,
            0.2329,
            0.8552,
            0.2672,
            0.4274,
            0.254,
            0.4254,
            0.1659,
            0.4637,
            0.3492,
            0.641,
            0.165,
            0.3138,
            0.3705,
            0.1274,
            0.6798,
            0.3453,
            0.4088,
            0.1905,
            0.2307,
            0.5435,
            0.6054,
            0.3558,
            0.0728,
            0.5175
        ],
        [
            0.2402,
            0.4071,
            0.589,
            0.1409,
            0.3356,
            0.1946,
            0.4137,
            0.2659,
            0.2993,
            0.3669,
            0.6523,
            0.1875,
            0.4873,
            0.2072,
            0.4389,
            0.2292,
            0.4065,
            0.3557,
            0.2221,
            0.0,
            0.1479,
            0.229,
            0.2582,
            0.738,
            0.2508,
            0.2681,
            0.3281,
            0.5543,
            0.4311,
            0.4343,
            0.1762,
            0.3225,
            0.2675,
            0.3229,
            0.3413,
            0.6747,
            0.2239,
            0.223,
            0.2814,
            0.2699,
            0.6448,
            0.3437,
            0.0887,
            0.2892,
            0.1583,
            0.7472,
            0.7316,
            0.2605,
            0.3702,
            0.7193
        ],
        [
            0.3673,
            0.2562,
            0.9211,
            0.2721,
            0.411,
            0.2118,
            0.2068,
            0.2745,
            0.2826,
            0.3577,
            0.5923,
            0.1443,
            0.7734,
            0.4483,
            0.2108,
            0.338,
            0.2491,
            0.2185,
            0.6492,
            0.1479,
            0.0,
            0.01,
            0.2313,
            0.9073,
            0.3176,
            0.4616,
            0.2944,
            0.5481,
            0.2878,
            0.5046,
            0.2973,
            0.454,
            0.3383,
            0.3159,
            0.297,
            0.7721,
            0.4096,
            0.2427,
            0.2466,
            0.3065,
            0.7748,
            0.3881,
            0.4843,
            0.3602,
            0.2283,
            0.933,
            0.6281,
            0.3381,
            0.3466,
            0.7312
        ],
        [
            0.5642,
            0.3534,
            0.8281,
            0.5327,
            0.1596,
            0.5339,
            0.539,
            0.3786,
            0.36,
            0.1917,
            0.6521,
            0.1795,
            0.6468,
            0.2853,
            0.2406,
            0.3336,
            0.3954,
            0.2279,
            0.1736,
            0.229,
            0.01,
            0.0,
            0.2089,
            0.7001,
            0.3279,
            0.3578,
            0.3471,
            0.5528,
            0.2246,
            0.3601,
            0.2493,
            0.391,
            0.306,
            0.3492,
            0.2102,
            0.4883,
            0.3659,
            0.3074,
            0.3245,
            0.3036,
            0.827,
            0.3556,
            0.5628,
            0.3294,
            0.2996,
            0.7735,
            0.7913,
            0.2296,
            0.2552,
            0.5581
        ],
        [
            0.3196,
            0.2378,
            0.7932,
            0.4605,
            0.4234,
            0.3568,
            0.4695,
            0.5585,
            0.3614,
            0.2957,
            0.7134,
            0.2497,
            0.779,
            0.1541,
            0.3752,
            0.2107,
            0.3734,
            0.276,
            0.294,
            0.2582,
            0.2313,
            0.2089,
            0.0,
            0.7497,
            0.2611,
            0.4764,
            0.3547,
            0.8643,
            0.1378,
            0.2393,
            0.2546,
            0.4033,
            0.3006,
            0.2458,
            0.2948,
            0.6324,
            0.1975,
            0.2416,
            0.232,
            0.176,
            0.7561,
            0.3824,
            0.3487,
            0.1769,
            0.2936,
            0.7026,
            0.6636,
            0.224,
            0.3421,
            0.7712
        ],
        [
            0.7347,
            0.6,
            0.2852,
            0.6786,
            0.7235,
            0.5888,
            0.5524,
            0.7723,
            0.9251,
            0.7811,
            0.4007,
            0.7219,
            0.4119,
            0.7845,
            0.8842,
            0.8826,
            0.8692,
            0.7339,
            0.7366,
            0.738,
            0.9073,
            0.7001,
            0.7497,
            0.0,
            0.5688,
            0.7893,
            0.4831,
            0.22,
            0.5461,
            0.8082,
            0.7579,
            0.7095,
            0.7996,
            0.5784,
            0.6712,
            0.3919,
            0.4477,
            0.5199,
            0.7977,
            0.7457,
            0.3528,
            0.8887,
            0.6607,
            0.7161,
            0.8219,
            0.3289,
            0.3185,
            0.6236,
            0.7072,
            0.3841
        ],
        [
            0.1413,
            0.2669,
            0.7978,
            0.427,
            0.1808,
            0.2375,
            0.2385,
            0.308,
            0.4831,
            0.2414,
            0.6164,
            0.3092,
            0.5929,
            0.272,
            0.2217,
            0.1454,
            0.3193,
            0.2895,
            0.3635,
            0.2508,
            0.3176,
            0.3279,
            0.2611,
            0.5688,
            0.0,
            0.4505,
            0.3015,
            0.784,
            0.5231,
            0.01,
            0.4079,
            0.3112,
            0.2685,
            0.3422,
            0.2521,
            0.6136,
            0.3227,
            0.4356,
            0.4072,
            0.1536,
            0.7557,
            0.3945,
            0.2703,
            0.3547,
            0.2574,
            0.853,
            0.5583,
            0.2104,
            0.3358,
            0.7684
        ],
        [
            0.2437,
            0.3432,
            0.8338,
            0.4167,
            0.3305,
            0.4676,
            0.4316,
            0.1358,
            0.3175,
            0.2032,
            0.7512,
            0.3644,
            0.9012,
            0.3869,
            0.2885,
            0.4632,
            0.2912,
            0.5023,
            0.2045,
            0.2681,
            0.4616,
            0.3578,
            0.4764,
            0.7893,
            0.4505,
            0.0,
            0.2017,
            0.6625,
            0.2323,
            0.3096,
            0.3761,
            0.2957,
            0.3493,
            0.3417,
            0.2347,
            0.711,
            0.2604,
            0.5528,
            0.3587,
            0.2453,
            0.6523,
            0.3271,
            0.1209,
            0.3274,
            0.2095,
            0.5975,
            0.6559,
            0.4644,
            0.4211,
            0.5679
        ],
        [
            0.3482,
            0.3954,
            0.5427,
            0.3861,
            0.261,
            0.0566,
            0.2253,
            0.2209,
            0.395,
            0.3335,
            0.8973,
            0.3259,
            0.7831,
            0.1553,
            0.3953,
            0.4285,
            0.2495,
            0.2643,
            0.2329,
            0.3281,
            0.2944,
            0.3471,
            0.3547,
            0.4831,
            0.3015,
            0.2017,
            0.0,
            0.6534,
            0.3437,
            0.3953,
            0.0883,
            0.2874,
            0.3629,
            0.3239,
            0.3541,
            0.7587,
            0.1971,
            0.2215,
            0.274,
            0.352,
            0.7493,
            0.2275,
            0.3559,
            0.4634,
            0.2993,
            0.6136,
            0.6435,
            0.3475,
            0.5796,
            0.6535
        ],
        [
            0.611,
            0.75,
            0.169,
            0.5865,
            0.596,
            0.6081,
            0.3418,
            0.6816,
            0.6862,
            0.6965,
            0.3674,
            0.5919,
            0.359,
            0.8415,
            0.95,
            0.7939,
            0.5462,
            0.5707,
            0.8552,
            0.5543,
            0.5481,
            0.5528,
            0.8643,
            0.22,
            0.784,
            0.6625,
            0.6534,
            0.0,
            0.684,
            0.5983,
            0.7737,
            0.5746,
            0.6808,
            0.654,
            0.7807,
            0.3808,
            0.6335,
            0.7401,
            0.6009,
            0.9425,
            0.2886,
            0.5978,
            0.6631,
            0.7791,
            0.7272,
            0.3879,
            0.3995,
            0.82,
            0.6818,
            0.4953
        ],
        [
            0.3841,
            0.2072,
            0.5876,
            0.2187,
            0.236,
            0.2959,
            0.322,
            0.1982,
            0.3538,
            0.4581,
            0.6026,
            0.3178,
            0.6454,
            0.2123,
            0.383,
            0.1931,
            0.2377,
            0.4514,
            0.2672,
            0.4311,
            0.2878,
            0.2246,
            0.1378,
            0.5461,
            0.5231,
            0.2323,
            0.3437,
            0.684,
            0.0,
            0.2395,
            0.4293,
            0.1647,
            0.344,
            0.304,
            0.3359,
            0.758,
            0.2602,
            0.1983,
            0.2927,
            0.3936,
            0.7479,
            0.4649,
            0.4823,
            0.2154,
            0.2645,
            0.692,
            0.6316,
            0.2534,
            0.4023,
            0.5819
        ],
        [
            0.26,
            0.1902,
            0.7508,
            0.4033,
            0.2889,
            0.4308,
            0.4062,
            0.2389,
            0.2604,
            0.2423,
            0.594,
            0.2085,
            0.8,
            0.1679,
            0.1477,
            0.3839,
            0.2222,
            0.4797,
            0.4274,
            0.4343,
            0.5046,
            0.3601,
            0.2393,
            0.8082,
            0.01,
            0.3096,
            0.3953,
            0.5983,
            0.2395,
            0.0,
            0.3815,
            0.112,
            0.3041,
            0.3875,
            0.2338,
            0.8343,
            0.424,
            0.3243,
            0.5848,
            0.109,
            0.6833,
            0.3086,
            0.329,
            0.4709,
            0.5367,
            0.5387,
            0.8929,
            0.2872,
            0.2229,
            0.6051
        ],
        [
            0.2907,
            0.1977,
            0.7677,
            0.2491,
            0.193,
            0.1414,
            0.4557,
            0.3037,
            0.3754,
            0.3892,
            0.7146,
            0.3956,
            0.7272,
            0.01,
            0.2355,
            0.4218,
            0.29,
            0.3416,
            0.254,
            0.1762,
            0.2973,
            0.2493,
            0.2546,
            0.7579,
            0.4079,
            0.3761,
            0.0883,
            0.7737,
            0.4293,
            0.3815,
            0.0,
            0.3261,
            0.3349,
            0.1954,
            0.3115,
            0.7235,
            0.2007,
            0.1585,
            0.2839,
            0.1976,
            0.6358,
            0.3156,
            0.3749,
            0.2843,
            0.1925,
            0.7269,
            0.761,
            0.3814,
            0.3397,
            0.6889
        ],
        [
            0.143,
            0.4866,
            0.6614,
            0.3372,
            0.2907,
            0.2474,
            0.3419,
            0.1257,
            0.1885,
            0.3096,
            0.7531,
            0.0267,
            0.7529,
            0.379,
            0.1305,
            0.1255,
            0.2402,
            0.368,
            0.4254,
            0.3225,
            0.454,
            0.391,
            0.4033,
            0.7095,
            0.3112,
            0.2957,
            0.2874,
            0.5746,
            0.1647,
            0.112,
            0.3261,
            0.0,
            0.1826,
            0.2646,
            0.22,
            0.721,
            0.3822,
            0.3897,
            0.1822,
            0.3263,
            0.7212,
            0.2501,
            0.4641,
            0.3033,
            0.3154,
            0.734,
            0.565,
            0.2453,
            0.3607,
            0.8445
        ],
        [
            0.3525,
            0.3412,
            0.6174,
            0.4835,
            0.3203,
            0.4085,
            0.4849,
            0.4456,
            0.5139,
            0.1239,
            0.9374,
            0.2841,
            0.6993,
            0.2514,
            0.2829,
            0.1625,
            0.3601,
            0.3538,
            0.1659,
            0.2675,
            0.3383,
            0.306,
            0.3006,
            0.7996,
            0.2685,
            0.3493,
            0.3629,
            0.6808,
            0.344,
            0.3041,
            0.3349,
            0.1826,
            0.0,
            0.3252,
            0.0952,
            0.5057,
            0.1429,
            0.3279,
            0.1633,
            0.3155,
            0.5714,
            0.2966,
            0.2464,
            0.2705,
            0.3276,
            0.6961,
            0.4821,
            0.2063,
            0.3221,
            0.6279
        ],
        [
            0.2084,
            0.1508,
            0.5992,
            0.4008,
            0.1906,
            0.3891,
            0.1862,
            0.3139,
            0.3805,
            0.4513,
            0.6481,
            0.3379,
            0.6946,
            0.3536,
            0.2645,
            0.1379,
            0.2065,
            0.4189,
            0.4637,
            0.3229,
            0.3159,
            0.3492,
            0.2458,
            0.5784,
            0.3422,
            0.3417,
            0.3239,
            0.654,
            0.304,
            0.3875,
            0.1954,
            0.2646,
            0.3252,
            0.0,
            0.2757,
            0.7594,
            0.2492,
            0.2855,
            0.1026,
            0.3937,
            0.6067,
            0.1643,
            0.3585,
            0.2872,
            0.1803,
            0.6636,
            0.6238,
            0.2043,
            0.3564,
            0.6952
        ],
        [
            0.4538,
            0.298,
            0.7295,
            0.4553,
            0.4178,
            0.3379,
            0.4994,
            0.4583,
            0.3927,
            0.3402,
            0.5825,
            0.2764,
            0.6359,
            0.2065,
            0.4481,
            0.3953,
            0.0464,
            0.3364,
            0.3492,
            0.3413,
            0.297,
            0.2102,
            0.2948,
            0.6712,
            0.2521,
            0.2347,
            0.3541,
            0.7807,
            0.3359,
            0.2338,
            0.3115,
            0.22,
            0.0952,
            0.2757,
            0.0,
            0.6833,
            0.4178,
            0.3787,
            0.5007,
            0.1358,
            0.7974,
            0.2223,
            0.2351,
            0.4354,
            0.2802,
            0.7143,
            0.6728,
            0.4171,
            0.5173,
            0.7218
        ],
        [
            0.4826,
            0.8469,
            0.2441,
            0.7513,
            0.7069,
            0.6193,
            0.6156,
            0.7696,
            0.8851,
            0.751,
            0.1156,
            0.5784,
            0.2387,
            0.5727,
            0.6894,
            0.5886,
            0.6901,
            0.6223,
            0.641,
            0.6747,
            0.7721,
            0.4883,
            0.6324,
            0.3919,
            0.6136,
            0.711,
            0.7587,
            0.3808,
            0.758,
            0.8343,
            0.7235,
            0.721,
            0.5057,
            0.7594,
            0.6833,
            0.0,
            0.6359,
            0.833,
            0.7119,
            0.7147,
            0.3907,
            0.7065,
            0.6801,
            0.5224,
            0.6434,
            0.3293,
            0.3463,
            0.6774,
            0.7049,
            0.0876
        ],
        [
            0.3734,
            0.341,
            0.6386,
            0.4065,
            0.3628,
            0.2338,
            0.2972,
            0.3031,
            0.4128,
            0.2643,
            0.5986,
            0.306,
            0.598,
            0.4867,
            0.2581,
            0.2486,
            0.3695,
            0.2658,
            0.165,
            0.2239,
            0.4096,
            0.3659,
            0.1975,
            0.4477,
            0.3227,
            0.2604,
            0.1971,
            0.6335,
            0.2602,
            0.424,
            0.2007,
            0.3822,
            0.1429,
            0.2492,
            0.4178,
            0.6359,
            0.0,
            0.4205,
            0.2079,
            0.3482,
            0.7672,
            0.4535,
            0.4546,
            0.1633,
            0.2752,
            0.7521,
            0.7589,
            0.3439,
            0.283,
            0.7002
        ],
        [
            0.3141,
            0.3023,
            0.6198,
            0.2962,
            0.3435,
            0.4895,
            0.2379,
            0.1946,
            0.3183,
            0.2531,
            0.5308,
            0.1411,
            0.9055,
            0.392,
            0.1909,
            0.3198,
            0.3302,
            0.3114,
            0.3138,
            0.223,
            0.2427,
            0.3074,
            0.2416,
            0.5199,
            0.4356,
            0.5528,
            0.2215,
            0.7401,
            0.1983,
            0.3243,
            0.1585,
            0.3897,
            0.3279,
            0.2855,
            0.3787,
            0.833,
            0.4205,
            0.0,
            0.1678,
            0.3681,
            0.651,
            0.2507,
            0.3286,
            0.3628,
            0.1748,
            0.6647,
            0.7971,
            0.0429,
            0.3795,
            0.6544
        ],
        [
            0.3116,
            0.4212,
            0.6261,
            0.2272,
            0.1605,
            0.3337,
            0.4513,
            0.428,
            0.1459,
            0.3206,
            0.6769,
            0.2066,
            0.6107,
            0.2678,
            0.3405,
            0.3898,
            0.4789,
            0.3601,
            0.3705,
            0.2814,
            0.2466,
            0.3245,
            0.232,
            0.7977,
            0.4072,
            0.3587,
            0.274,
            0.6009,
            0.2927,
            0.5848,
            0.2839,
            0.1822,
            0.1633,
            0.1026,
            0.5007,
            0.7119,
            0.2079,
            0.1678,
            0.0,
            0.1141,
            0.7962,
            0.3437,
            0.3247,
            0.4891,
            0.2971,
            0.6541,
            0.7008,
            0.4897,
            0.4297,
            0.8858
        ],
        [
            0.2586,
            0.4741,
            0.6808,
            0.1764,
            0.3387,
            0.4135,
            0.2965,
            0.314,
            0.2382,
            0.2765,
            0.7879,
            0.5009,
            0.7861,
            0.3167,
            0.3447,
            0.2161,
            0.2971,
            0.326,
            0.1274,
            0.2699,
            0.3065,
            0.3036,
            0.176,
            0.7457,
            0.1536,
            0.2453,
            0.352,
            0.9425,
            0.3936,
            0.109,
            0.1976,
            0.3263,
            0.3155,
            0.3937,
            0.1358,
            0.7147,
            0.3482,
            0.3681,
            0.1141,
            0.0,
            0.6662,
            0.3789,
            0.3106,
            0.1804,
            0.2464,
            0.6524,
            0.7101,
            0.3191,
            0.2931,
            0.587
        ],
        [
            0.6159,
            0.7274,
            0.361,
            0.7518,
            0.6515,
            0.8982,
            0.9116,
            0.6895,
            0.6713,
            0.5285,
            0.3853,
            0.6049,
            0.2639,
            0.7238,
            0.7227,
            0.6974,
            0.6369,
            0.6308,
            0.6798,
            0.6448,
            0.7748,
            0.827,
            0.7561,
            0.3528,
            0.7557,
            0.6523,
            0.7493,
            0.2886,
            0.7479,
            0.6833,
            0.6358,
            0.7212,
            0.5714,
            0.6067,
            0.7974,
            0.3907,
            0.7672,
            0.651,
            0.7962,
            0.6662,
            0.0,
            0.7105,
            0.6951,
            0.4123,
            0.9036,
            0.1293,
            0.2148,
            0.7213,
            0.6896,
            0.2349
        ],
        [
            0.2924,
            0.4563,
            0.8013,
            0.0293,
            0.4138,
            0.2913,
            0.356,
            0.3303,
            0.3434,
            0.3961,
            0.7372,
            0.3001,
            0.6215,
            0.4101,
            0.2696,
            0.2805,
            0.404,
            0.1085,
            0.3453,
            0.3437,
            0.3881,
            0.3556,
            0.3824,
            0.8887,
            0.3945,
            0.3271,
            0.2275,
            0.5978,
            0.4649,
            0.3086,
            0.3156,
            0.2501,
            0.2966,
            0.1643,
            0.2223,
            0.7065,
            0.4535,
            0.2507,
            0.3437,
            0.3789,
            0.7105,
            0.0,
            0.3012,
            0.378,
            0.2433,
            0.7867,
            0.5828,
            0.3318,
            0.1795,
            0.6543
        ],
        [
            0.1589,
            0.1614,
            0.6979,
            0.3935,
            0.4184,
            0.488,
            0.1126,
            0.4053,
            0.273,
            0.2577,
            0.5243,
            0.2792,
            0.5659,
            0.2404,
            0.2542,
            0.2791,
            0.278,
            0.3367,
            0.4088,
            0.0887,
            0.4843,
            0.5628,
            0.3487,
            0.6607,
            0.2703,
            0.1209,
            0.3559,
            0.6631,
            0.4823,
            0.329,
            0.3749,
            0.4641,
            0.2464,
            0.3585,
            0.2351,
            0.6801,
            0.4546,
            0.3286,
            0.3247,
            0.3106,
            0.6951,
            0.3012,
            0.0,
            0.3097,
            0.1239,
            0.6351,
            0.6707,
            0.3068,
            0.3487,
            0.556
        ],
        [
            0.3197,
            0.0327,
            0.8564,
            0.3966,
            0.4467,
            0.367,
            0.5316,
            0.3164,
            0.3075,
            0.384,
            0.6628,
            0.2074,
            0.5551,
            0.3938,
            0.2853,
            0.1659,
            0.1246,
            0.2552,
            0.1905,
            0.2892,
            0.3602,
            0.3294,
            0.1769,
            0.7161,
            0.3547,
            0.3274,
            0.4634,
            0.7791,
            0.2154,
            0.4709,
            0.2843,
            0.3033,
            0.2705,
            0.2872,
            0.4354,
            0.5224,
            0.1633,
            0.3628,
            0.4891,
            0.1804,
            0.4123,
            0.378,
            0.3097,
            0.0,
            0.2193,
            0.6579,
            0.6943,
            0.3354,
            0.2734,
            0.7749
        ],
        [
            0.1383,
            0.221,
            0.95,
            0.2393,
            0.3239,
            0.2458,
            0.1905,
            0.2055,
            0.2153,
            0.4369,
            0.7924,
            0.1005,
            0.95,
            0.2762,
            0.2733,
            0.3724,
            0.6488,
            0.1714,
            0.2307,
            0.1583,
            0.2283,
            0.2996,
            0.2936,
            0.8219,
            0.2574,
            0.2095,
            0.2993,
            0.7272,
            0.2645,
            0.5367,
            0.1925,
            0.3154,
            0.3276,
            0.1803,
            0.2802,
            0.6434,
            0.2752,
            0.1748,
            0.2971,
            0.2464,
            0.9036,
            0.2433,
            0.1239,
            0.2193,
            0.0,
            0.6236,
            0.8654,
            0.2758,
            0.2768,
            0.8408
        ],
        [
            0.6289,
            0.6426,
            0.2539,
            0.7471,
            0.6963,
            0.7453,
            0.6965,
            0.6449,
            0.7238,
            0.4063,
            0.4064,
            0.7283,
            0.3377,
            0.6295,
            0.6544,
            0.6377,
            0.7713,
            0.7025,
            0.5435,
            0.7472,
            0.933,
            0.7735,
            0.7026,
            0.3289,
            0.853,
            0.5975,
            0.6136,
            0.3879,
            0.692,
            0.5387,
            0.7269,
            0.734,
            0.6961,
            0.6636,
            0.7143,
            0.3293,
            0.7521,
            0.6647,
            0.6541,
            0.6524,
            0.1293,
            0.7867,
            0.6351,
            0.6579,
            0.6236,
            0.0,
            0.4149,
            0.6791,
            0.7858,
            0.391
        ],
        [
            0.7905,
            0.5284,
            0.4419,
            0.8299,
            0.6197,
            0.6455,
            0.7997,
            0.5862,
            0.7265,
            0.6514,
            0.195,
            0.6041,
            0.2213,
            0.8031,
            0.7856,
            0.7352,
            0.5486,
            0.7521,
            0.6054,
            0.7316,
            0.6281,
            0.7913,
            0.6636,
            0.3185,
            0.5583,
            0.6559,
            0.6435,
            0.3995,
            0.6316,
            0.8929,
            0.761,
            0.565,
            0.4821,
            0.6238,
            0.6728,
            0.3463,
            0.7589,
            0.7971,
            0.7008,
            0.7101,
            0.2148,
            0.5828,
            0.6707,
            0.6943,
            0.8654,
            0.4149,
            0.0,
            0.7162,
            0.723,
            0.233
        ],
        [
            0.3573,
            0.3562,
            0.5782,
            0.4853,
            0.4339,
            0.2993,
            0.3228,
            0.3753,
            0.066,
            0.4355,
            0.8888,
            0.1584,
            0.5752,
            0.3629,
            0.2969,
            0.3759,
            0.2794,
            0.1554,
            0.3558,
            0.2605,
            0.3381,
            0.2296,
            0.224,
            0.6236,
            0.2104,
            0.4644,
            0.3475,
            0.82,
            0.2534,
            0.2872,
            0.3814,
            0.2453,
            0.2063,
            0.2043,
            0.4171,
            0.6774,
            0.3439,
            0.0429,
            0.4897,
            0.3191,
            0.7213,
            0.3318,
            0.3068,
            0.3354,
            0.2758,
            0.6791,
            0.7162,
            0.0,
            0.275,
            0.7315
        ],
        [
            0.3538,
            0.2091,
            0.5526,
            0.1591,
            0.3575,
            0.2857,
            0.2573,
            0.2274,
            0.2479,
            0.115,
            0.5408,
            0.2878,
            0.8512,
            0.1476,
            0.4678,
            0.4199,
            0.2323,
            0.2338,
            0.0728,
            0.3702,
            0.3466,
            0.2552,
            0.3421,
            0.7072,
            0.3358,
            0.4211,
            0.5796,
            0.6818,
            0.4023,
            0.2229,
            0.3397,
            0.3607,
            0.3221,
            0.3564,
            0.5173,
            0.7049,
            0.283,
            0.3795,
            0.4297,
            0.2931,
            0.6896,
            0.1795,
            0.3487,
            0.2734,
            0.2768,
            0.7858,
            0.723,
            0.275,
            0.0,
            0.6334
        ],
        [
            0.5925,
            0.6643,
            0.2414,
            0.8277,
            0.8269,
            0.6729,
            0.6277,
            0.8295,
            0.7225,
            0.8664,
            0.2793,
            0.6814,
            0.3603,
            0.7502,
            0.8246,
            0.7467,
            0.6514,
            0.7783,
            0.5175,
            0.7193,
            0.7312,
            0.5581,
            0.7712,
            0.3841,
            0.7684,
            0.5679,
            0.6535,
            0.4953,
            0.5819,
            0.6051,
            0.6889,
            0.8445,
            0.6279,
            0.6952,
            0.7218,
            0.0876,
            0.7002,
            0.6544,
            0.8858,
            0.587,
            0.2349,
            0.6543,
            0.556,
            0.7749,
            0.8408,
            0.391,
            0.233,
            0.7315,
            0.6334,
            0.0
        ]
    ]
}