{
    "n": 50,
    "k": 5,
    "r": [
        1.092,
        1.3313,
        2.0218,
        2.1066,
        2.4564,
        1.1455,
        1.5735,
        2.3541,
        1.7298,
        1.6687,
        1.3384,
        1.327,
        2.2587,
        1.8742,
        2.2791,
        1.7547,
        1.5313,
        1.3378,
        1.6427,
        2.2873,
        1.8173,
        1.5554,
        1.3503,
        2.2019,
        2.0271,
        1.6959,
        1.1473,
        1.6119,
        1.3949,
        1.1021,
        2.4096,
        2.0428,
        1.6891,
        1.3751,
        2.1969,
        2.0639,
        1.2081,
        2.109,
        1.0927,
        1.3099,
        2.3835,
        1.1057,
        1.6848,
        1.8811,
        1.8491,
        1.7472,
        1.7934,
        2.2143,
        1.8042,
        1.8123
    ],
    "R": 1.6186,
    "dij": [
        [
            0.0,
            0.334,
            0.1778,
            0.1143,
            0.2222,
            0.73,
            0.6942,
            0.3268,
            0.5243,
            0.9295,
            0.3553,
            0.3177,
            0.5305,
            0.2769,
            0.6622,
            0.3527,
            0.8687,
            0.2699,
            0.4948,
            0.7535,
            0.7888,
            0.2463,
            0.3543,
            0.3571,
            0.2464,
            0.7675,
            0.5051,
            0.2803,
            0.1981,
            0.2274,
            0.6874,
            0.1542,
            0.2029,
            0.6689,
            0.6225,
            0.685,
            0.2836,
            0.6309,
            0.6585,
            0.1708,
            0.559,
            0.3787,
            0.7243,
            0.3275,
            0.757,
            0.6242,
            0.7589,
            0.6149,
            0.2398,
            0.2392
        ],
        [
            0.334,
            0.0,
            0.2478,
            0.2934,
            0.394,
            0.7854,
            0.803,
            0.1612,
            0.641,
            0.543,
            0.2245,
            0.3167,
            0.167,
            0.2934,
            0.6445,
            0.2873,
            0.7702,
            0.1499,
            0.3107,
            0.6391,
            0.7738,
            0.5436,
            0.1685,
            0.146,
            0.3023,
            0.5626,
            0.302,
            0.2864,
            0.395,
            0.2018,
            0.7396,
            0.1109,
            0.2452,
            0.5717,
            0.6848,
            0.657,
            0.3446,
            0.7971,
            0.7883,
            0.3721,
            0.8527,
            0.2408,
            0.5944,
            0.3449,
            0.6141,
            0.8403,
            0.6252,
            0.6609,
            0.2238,
            0.3279
        ],
        [
            0.1778,
            0.2478,
            0.0,
            0.5167,
            0.3262,
            0.666,
            0.7985,
            0.29,
            0.6283,
            0.5449,
            0.3603,
            0.4737,
            0.34,
            0.2278,
            0.5846,
            0.3177,
            0.8392,
            0.3284,
            0.4793,
            0.8559,
            0.5337,
            0.2591,
            0.3587,
            0.3743,
            0.3509,
            0.5885,
            0.2414,
            0.2103,
            0.1438,
            0.2557,
            0.8355,
            0.1324,
            0.2003,
            0.692,
            0.6805,
            0.652,
            0.28,
            0.8203,
            0.6138,
            0.2907,
            0.6394,
            0.3829,
            0.6456,
            0.4475,
            0.7839,
            0.6079,
            0.7239,
            0.7556,
            0.0338,
            0.3609
        ],
        [
            0.1143,
            0.2934,
            0.5167,
            0.0,
            0.3475,
            0.6657,
            0.7181,
            0.3355,
            0.7593,
            0.7034,
            0.2669,
            0.275,
            0.1313,
            0.2263,
            0.95,
            0.2684,
            0.6602,
            0.2142,
            0.2818,
            0.7245,
            0.7647,
            0.3259,
            0.1983,
            0.3416,
            0.2788,
            0.7318,
            0.1782,
            0.2399,
            0.3576,
            0.171,
            0.95,
            0.351,
            0.2385,
            0.6825,
            0.7225,
            0.8049,
            0.2306,
            0.6692,
            0.8085,
            0.2013,
            0.6903,
            0.1968,
            0.738,
            0.256,
            0.688,
            0.8417,
            0.6631,
            0.7001,
            0.3668,
            0.4696
        ],
        [
            0.2222,
            0.394,
            0.3262,
            0.3475,
            0.0,
            0.857,
            0.5896,
            0.2815,
            0.8994,
            0.7582,
            0.378,
            0.2173,
            0.3659,
            0.2704,
            0.7023,
            0.2693,
            0.7329,
            0.277,
            0.2743,
            0.4204,
            0.7432,
            0.2173,
            0.2415,
            0.2908,
            0.1918,
            0.6399,
            0.4217,
            0.4025,
            0.3258,
            0.2075,
            0.6678,
            0.2491,
            0.257,
            0.7325,
            0.6887,
            0.536,
            0.3298,
            0.8429,
            0.675,
            0.3026,
            0.7402,
            0.104,
            0.7692,
            0.2973,
            0.6039,
            0.7374,
            0.8106,
            0.5759,
            0.3547,
            0.4716
        ],
        [
            0.73,
            0.7854,
            0.666,
            0.6657,
            0.857,
            0.0,
            0.2891,
            0.618,
            0.1631,
            0.2841,
            0.6857,
            0.675,
            0.8132,
            0.6684,
            0.3005,
            0.5767,
            0.1637,
            0.8105,
            0.8158,
            0.2806,
            0.3703,
            0.6478,
            0.6786,
            0.6248,
            0.6615,
            0.3551,
            0.727,
            0.6589,
            0.6434,
            0.6864,
            0.2999,
            0.8701,
            0.7038,
            0.3194,
            0.4879,
            0.4628,
            0.5958,
            0.3724,
            0.3972,
            0.7179,
            0.2959,
            0.7209,
            0.3166,
            0.7339,
            0.4854,
            0.3881,
            0.2652,
            0.1984,
            0.6458,
            0.8156
        ],
        [
            0.6942,
            0.803,
            0.7985,
            0.7181,
            0.5896,
            0.2891,
            0.0,
            0.7297,
            0.3154,
            0.2423,
            0.5281,
            0.8006,
            0.762,
            0.7046,
            0.3543,
            0.759,
            0.1703,
            0.6831,
            0.7951,
            0.0889,
            0.1814,
            0.8543,
            0.6331,
            0.6996,
            0.6562,
            0.3219,
            0.9015,
            0.6625,
            0.6715,
            0.8128,
            0.3817,
            0.6611,
            0.743,
            0.1777,
            0.4101,
            0.356,
            0.7693,
            0.2888,
            0.2912,
            0.8058,
            0.1287,
            0.579,
            0.35,
            0.68,
            0.2073,
            0.2335,
            0.1918,
            0.1653,
            0.6714,
            0.7959
        ],
        [
            0.3268,
            0.1612,
            0.29,
            0.3355,
            0.2815,
            0.618,
            0.7297,
            0.0,
            0.6036,
            0.6851,
            0.1537,
            0.1841,
            0.1897,
            0.2841,
            0.5463,
            0.1843,
            0.6348,
            0.307,
            0.2706,
            0.6272,
            0.5895,
            0.3733,
            0.146,
            0.4072,
            0.2404,
            0.8417,
            0.3299,
            0.2647,
            0.142,
            0.3483,
            0.7023,
            0.3312,
            0.2248,
            0.7689,
            0.6833,
            0.7392,
            0.1887,
            0.7904,
            0.6701,
            0.4927,
            0.6667,
            0.2666,
            0.4538,
            0.3126,
            0.6603,
            0.6065,
            0.5055,
            0.7679,
            0.3778,
            0.2858
        ],
        [
            0.5243,
            0.641,
            0.6283,
            0.7593,
            0.8994,
            0.1631,
            0.3154,
            0.6036,
            0.0,
            0.496,
            0.749,
            0.6822,
            0.692,
            0.4623,
            0.507,
            0.7548,
            0.3673,
            0.6874,
            0.7864,
            0.4006,
            0.4068,
            0.7206,
            0.5775,
            0.6433,
            0.7632,
            0.5965,
            0.7453,
            0.3957,
            0.7299,
            0.6311,
            0.2543,
            0.5971,
            0.7252,
            0.2485,
            0.2279,
            0.376,
            0.8505,
            0.295,
            0.2624,
            0.4813,
            0.2544,
            0.5698,
            0.3951,
            0.7907,
            0.3637,
            0.3268,
            0.1792,
            0.3042,
            0.8288,
            0.8124
        ],
        [
            0.9295,
            0.543,
            0.5449,
            0.7034,
            0.7582,
            0.2841,
            0.2423,
            0.6851,
            0.496,
            0.0,
            0.6772,
            0.8155,
            0.7525,
            0.7446,
            0.0834,
            0.4772,
            0.2809,
            0.4407,
            0.8386,
            0.396,
            0.3426,
            0.8381,
            0.675,
            0.8541,
            0.5816,
            0.386,
            0.8689,
            0.8354,
            0.7453,
            0.8522,
            0.276,
            0.7926,
            0.928,
            0.2712,
            0.2475,
            0.251,
            0.6268,
            0.3888,
            0.2236,
            0.547,
            0.349,
            0.634,
            0.0403,
            0.803,
            0.2691,
            0.2854,
            0.1665,
            0.369,
            0.6836,
            0.6582
        ],
        [
            0.3553,
            0.2245,
            0.3603,
            0.2669,
            0.378,
            0.6857,
            0.5281,
            0.1537,
            0.749,
            0.6772,
            0.0,
            0.2909,
            0.3735,
            0.3818,
            0.7662,
            0.3944,
            0.889,
            0.2915,
            0.266,
            0.7878,
            0.6999,
            0.2308,
            0.4027,
            0.3854,
            0.2763,
            0.7458,
            0.4143,
            0.3415,
            0.4843,
            0.1641,
            0.6892,
            0.2221,
            0.2377,
            0.8758,
            0.7869,
            0.5601,
            0.2983,
            0.7378,
            0.568,
            0.371,
            0.689,
            0.2508,
            0.7287,
            0.4264,
            0.714,
            0.6701,
            0.741,
            0.6759,
            0.2936,
            0.2342
        ],
        [
            0.3177,
            0.3167,
            0.4737,
            0.275,
            0.2173,
            0.675,
            0.8006,
            0.1841,
            0.6822,
            0.8155,
            0.2909,
            0.0,
            0.1564,
            0.2373,
            0.6822,
            0.3888,
            0.6372,
            0.2797,
            0.3423,
            0.699,
            0.69,
            0.4317,
            0.3289,
            0.2521,
            0.3878,
            0.8565,
            0.1901,
            0.3262,
            0.1312,
            0.4544,
            0.7677,
            0.3707,
            0.4291,
            0.7161,
            0.7516,
            0.7368,
            0.3442,
            0.8244,
            0.5894,
            0.2008,
            0.7934,
            0.2265,
            0.7023,
            0.2643,
            0.8326,
            0.7044,
            0.7592,
            0.6426,
            0.2231,
            0.2824
        ],
        [
            0.5305,
            0.167,
            0.34,
            0.1313,
            0.3659,
            0.8132,
            0.762,
            0.1897,
            0.692,
            0.7525,
            0.3735,
            0.1564,
            0.0,
            0.3022,
            0.679,
            0.0831,
            0.8017,
            0.1277,
            0.3721,
            0.6661,
            0.8449,
            0.2919,
            0.4487,
            0.13,
            0.1124,
            0.7261,
            0.4576,
            0.3413,
            0.3423,
            0.2205,
            0.8204,
            0.4269,
            0.3653,
            0.7368,
            0.6475,
            0.7461,
            0.135,
            0.7148,
            0.7448,
            0.5212,
            0.7616,
            0.3916,
            0.6932,
            0.4144,
            0.7929,
            0.8363,
            0.5485,
            0.6741,
            0.4057,
            0.2737
        ],
        [
            0.2769,
            0.2934,
            0.2278,
            0.2263,
            0.2704,
            0.6684,
            0.7046,
            0.2841,
            0.4623,
            0.7446,
            0.3818,
            0.2373,
            0.3022,
            0.0,
            0.8009,
            0.4522,
            0.7271,
            0.1917,
            0.1448,
            0.6651,
            0.5609,
            0.5437,
            0.3357,
            0.4245,
            0.3127,
            0.5255,
            0.2919,
            0.3325,
            0.2616,
            0.3961,
            0.6738,
            0.2993,
            0.1752,
            0.7107,
            0.7275,
            0.8053,
            0.3659,
            0.7763,
            0.4958,
            0.4854,
            0.5417,
            0.2269,
            0.8081,
            0.3049,
            0.7229,
            0.5483,
            0.7068,
            0.6688,
            0.2892,
            0.1137
        ],
        [
            0.6622,
            0.6445,
            0.5846,
            0.95,
            0.7023,
            0.3005,
            0.3543,
            0.5463,
            0.507,
            0.0834,
            0.7662,
            0.6822,
            0.679,
            0.8009,
            0.0,
            0.7363,
            0.3539,
            0.6201,
            0.5548,
            0.2219,
            0.3,
            0.6169,
            0.6835,
            0.6752,
            0.7266,
            0.2106,
            0.7612,
            0.575,
            0.7662,
            0.7633,
            0.0933,
            0.7338,
            0.8148,
            0.1785,
            0.26,
            0.3246,
            0.5539,
            0.3218,
            0.3316,
            0.5807,
            0.3051,
            0.5979,
            0.166,
            0.6566,
            0.3106,
            0.3059,
            0.3968,
            0.1247,
            0.6649,
            0.6736
        ],
        [
            0.3527,
            0.2873,
            0.3177,
            0.2684,
            0.2693,
            0.5767,
            0.759,
            0.1843,
            0.7548,
            0.4772,
            0.3944,
            0.3888,
            0.0831,
            0.4522,
            0.7363,
            0.0,
            0.7654,
            0.4479,
            0.2989,
            0.7622,
            0.7771,
            0.172,
            0.0377,
            0.1552,
            0.447,
            0.672,
            0.2034,
            0.2483,
            0.2314,
            0.4127,
            0.95,
            0.2968,
            0.3292,
            0.6535,
            0.8589,
            0.6232,
            0.3735,
            0.9106,
            0.8677,
            0.1237,
            0.7263,
            0.1697,
            0.7811,
            0.2022,
            0.7161,
            0.5364,
            0.4962,
            0.8119,
            0.3774,
            0.3139
        ],
        [
            0.8687,
            0.7702,
            0.8392,
            0.6602,
            0.7329,
            0.1637,
            0.1703,
            0.6348,
            0.3673,
            0.2809,
            0.889,
            0.6372,
            0.8017,
            0.7271,
            0.3539,
            0.7654,
            0.0,
            0.6407,
            0.6663,
            0.3288,
            0.3934,
            0.6944,
            0.6548,
            0.651,
            0.7285,
            0.4486,
            0.7306,
            0.6957,
            0.7769,
            0.7984,
            0.3718,
            0.7355,
            0.6514,
            0.2528,
            0.2467,
            0.2556,
            0.6977,
            0.3257,
            0.2477,
            0.95,
            0.3632,
            0.6925,
            0.1938,
            0.7404,
            0.2489,
            0.4321,
            0.2893,
            0.3808,
            0.8024,
            0.6258
        ],
        [
            0.2699,
            0.1499,
            0.3284,
            0.2142,
            0.277,
            0.8105,
            0.6831,
            0.307,
            0.6874,
            0.4407,
            0.2915,
            0.2797,
            0.1277,
            0.1917,
            0.6201,
            0.4479,
            0.6407,
            0.0,
            0.2774,
            0.7108,
            0.8864,
            0.4071,
            0.3607,
            0.1836,
            0.4079,
            0.6594,
            0.3527,
            0.507,
            0.2964,
            0.3751,
            0.7233,
            0.3402,
            0.2511,
            0.7324,
            0.6616,
            0.7262,
            0.3174,
            0.6439,
            0.6396,
            0.3363,
            0.7866,
            0.353,
            0.7442,
            0.1672,
            0.6723,
            0.5093,
            0.6859,
            0.7254,
            0.3134,
            0.2128
        ],
        [
            0.4948,
            0.3107,
            0.4793,
            0.2818,
            0.2743,
            0.8158,
            0.7951,
            0.2706,
            0.7864,
            0.8386,
            0.266,
            0.3423,
            0.3721,
            0.1448,
            0.5548,
            0.2989,
            0.6663,
            0.2774,
            0.0,
            0.5143,
            0.6642,
            0.2767,
            0.2816,
            0.3163,
            0.2263,
            0.6297,
            0.2069,
            0.4274,
            0.2405,
            0.222,
            0.6763,
            0.2929,
            0.3315,
            0.6843,
            0.8295,
            0.7126,
            0.1361,
            0.5996,
            0.7315,
            0.4259,
            0.7592,
            0.2567,
            0.732,
            0.1595,
            0.8549,
            0.8155,
            0.6145,
            0.755,
            0.3565,
            0.4263
        ],
        [
            0.7535,
            0.6391,
            0.8559,
            0.7245,
            0.4204,
            0.2806,
            0.0889,
            0.6272,
            0.4006,
            0.396,
            0.7878,
            0.699,
            0.6661,
            0.6651,
            0.2219,
            0.7622,
            0.3288,
            0.7108,
            0.5143,
            0.0,
            0.4258,
            0.7039,
            0.7029,
            0.5267,
            0.7881,
            0.25,
            0.73,
            0.7456,
            0.7054,
            0.7844,
            0.3309,
            0.6281,
            0.911,
            0.3496,
            0.3198,
            0.0565,
            0.6891,
            0.3107,
            0.2315,
            0.6188,
            0.3357,
            0.7562,
            0.3614,
            0.8421,
            0.2788,
            0.5336,
            0.3504,
            0.2742,
            0.6118,
            0.6477
        ],
        [
            0.7888,
            0.7738,
            0.5337,
            0.7647,
            0.7432,
            0.3703,
            0.1814,
            0.5895,
            0.4068,
            0.3426,
            0.6999,
            0.69,
            0.8449,
            0.5609,
            0.3,
            0.7771,
            0.3934,
            0.8864,
            0.6642,
            0.4258,
            0.0,
            0.7321,
            0.6486,
            0.6349,
            0.6512,
            0.3812,
            0.6609,
            0.7635,
            0.6538,
            0.95,
            0.34,
            0.6012,
            0.7353,
            0.229,
            0.3572,
            0.3471,
            0.6171,
            0.2883,
            0.3426,
            0.7701,
            0.3383,
            0.5503,
            0.2313,
            0.7029,
            0.3265,
            0.3101,
            0.3683,
            0.2803,
            0.7759,
            0.6896
        ],
        [
            0.2463,
            0.5436,
            0.2591,
            0.3259,
            0.2173,
            0.6478,
            0.8543,
            0.3733,
            0.7206,
            0.8381,
            0.2308,
            0.4317,
            0.2919,
            0.5437,
            0.6169,
            0.172,
            0.6944,
            0.4071,
            0.2767,
            0.7039,
            0.7321,
            0.0,
            0.1492,
            0.4288,
            0.3307,
            0.6134,
            0.2484,
            0.3187,
            0.2477,
            0.287,
            0.5983,
            0.263,
            0.2555,
            0.6601,
            0.7373,
            0.6402,
            0.3417,
            0.5116,
            0.6462,
            0.4353,
            0.774,
            0.1596,
            0.7534,
            0.3692,
            0.7045,
            0.8163,
            0.5206,
            0.6355,
            0.4129,
            0.1655
        ],
        [
            0.3543,
            0.1685,
            0.3587,
            0.1983,
            0.2415,
            0.6786,
            0.6331,
            0.146,
            0.5775,
            0.675,
            0.4027,
            0.3289,
            0.4487,
            0.3357,
            0.6835,
            0.0377,
            0.6548,
            0.3607,
            0.2816,
            0.7029,
            0.6486,
            0.1492,
            0.0,
            0.3144,
            0.343,
            0.7424,
            0.2461,
            0.4617,
            0.2578,
            0.3282,
            0.603,
            0.1841,
            0.4685,
            0.8174,
            0.7543,
            0.7807,
            0.3133,
            0.6427,
            0.7361,
            0.2804,
            0.4602,
            0.3311,
            0.6421,
            0.1731,
            0.7433,
            0.6497,
            0.7898,
            0.7279,
            0.2394,
            0.2687
        ],
        [
            0.3571,
            0.146,
            0.3743,
            0.3416,
            0.2908,
            0.6248,
            0.6996,
            0.4072,
            0.6433,
            0.8541,
            0.3854,
            0.2521,
            0.13,
            0.4245,
            0.6752,
            0.1552,
            0.651,
            0.1836,
            0.3163,
            0.5267,
            0.6349,
            0.4288,
            0.3144,
            0.0,
            0.3321,
            0.8838,
            0.4577,
            0.2905,
            0.1731,
            0.3457,
            0.7556,
            0.2442,
            0.3268,
            0.6759,
            0.5649,
            0.7685,
            0.3073,
            0.6382,
            0.6797,
            0.248,
            0.4998,
            0.4036,
            0.5431,
            0.4163,
            0.7478,
            0.66,
            0.6585,
            0.6985,
            0.2444,
            0.4591
        ],
        [
            0.2464,
            0.3023,
            0.3509,
            0.2788,
            0.1918,
            0.6615,
            0.6562,
            0.2404,
            0.7632,
            0.5816,
            0.2763,
            0.3878,
            0.1124,
            0.3127,
            0.7266,
            0.447,
            0.7285,
            0.4079,
            0.2263,
            0.7881,
            0.6512,
            0.3307,
            0.343,
            0.3321,
            0.0,
            0.6658,
            0.4019,
            0.3896,
            0.1901,
            0.3004,
            0.6804,
            0.2409,
            0.3945,
            0.491,
            0.8383,
            0.6899,
            0.2693,
            0.8287,
            0.5887,
            0.2952,
            0.6837,
            0.4328,
            0.6397,
            0.3267,
            0.7109,
            0.6853,
            0.796,
            0.6353,
            0.4675,
            0.409
        ],
        [
            0.7675,
            0.5626,
            0.5885,
            0.7318,
            0.6399,
            0.3551,
            0.3219,
            0.8417,
            0.5965,
            0.386,
            0.7458,
            0.8565,
            0.7261,
            0.5255,
            0.2106,
            0.672,
            0.4486,
            0.6594,
            0.6297,
            0.25,
            0.3812,
            0.6134,
            0.7424,
            0.8838,
            0.6658,
            0.0,
            0.736,
            0.8842,
            0.7887,
            0.7633,
            0.2864,
            0.6588,
            0.7573,
            0.3682,
            0.1084,
            0.5002,
            0.5931,
            0.1849,
            0.1383,
            0.7264,
            0.3772,
            0.7802,
            0.1886,
            0.6076,
            0.4815,
            0.3409,
            0.3017,
            0.3967,
            0.4906,
            0.4997
        ],
        [
            0.5051,
            0.302,
            0.2414,
            0.1782,
            0.4217,
            0.727,
            0.9015,
            0.3299,
            0.7453,
            0.8689,
            0.4143,
            0.1901,
            0.4576,
            0.2919,
            0.7612,
            0.2034,
            0.7306,
            0.3527,
            0.2069,
            0.73,
            0.6609,
            0.2484,
            0.2461,
            0.4577,
            0.4019,
            0.736,
            0.0,
            0.3815,
            0.3231,
            0.3039,
            0.7229,
            0.2984,
            0.4506,
            0.4356,
            0.693,
            0.4555,
            0.215,
            0.6262,
            0.5751,
            0.2368,
            0.654,
            0.2656,
            0.6432,
            0.369,
            0.5738,
            0.7535,
            0.5542,
            0.797,
            0.3147,
            0.4964
        ],
        [
            0.2803,
            0.2864,
            0.2103,
            0.2399,
            0.4025,
            0.6589,
            0.6625,
            0.2647,
            0.3957,
            0.8354,
            0.3415,
            0.3262,
            0.3413,
            0.3325,
            0.575,
            0.2483,
            0.6957,
            0.507,
            0.4274,
            0.7456,
            0.7635,
            0.3187,
            0.4617,
            0.2905,
            0.3896,
            0.8842,
            0.3815,
            0.0,
            0.4141,
            0.3892,
            0.8392,
            0.2955,
            0.2896,
            0.7954,
            0.7534,
            0.6201,
            0.2914,
            0.7674,
            0.7601,
            0.3541,
            0.7484,
            0.2171,
            0.7755,
            0.1228,
            0.669,
            0.5569,
            0.6188,
            0.7883,
            0.3099,
            0.3338
        ],
        [
            0.1981,
            0.395,
            0.1438,
            0.3576,
            0.3258,
            0.6434,
            0.6715,
            0.142,
            0.7299,
            0.7453,
            0.4843,
            0.1312,
            0.3423,
            0.2616,
            0.7662,
            0.2314,
            0.7769,
            0.2964,
            0.2405,
            0.7054,
            0.6538,
            0.2477,
            0.2578,
            0.1731,
            0.1901,
            0.7887,
            0.3231,
            0.4141,
            0.0,
            0.23,
            0.6286,
            0.3746,
            0.4983,
            0.8804,
            0.9005,
            0.95,
            0.243,
            0.8556,
            0.6376,
            0.2497,
            0.808,
            0.2468,
            0.8343,
            0.2309,
            0.5814,
            0.9047,
            0.5805,
            0.693,
            0.1862,
            0.2939
        ],
        [
            0.2274,
            0.2018,
            0.2557,
            0.171,
            0.2075,
            0.6864,
            0.8128,
            0.3483,
            0.6311,
            0.8522,
            0.1641,
            0.4544,
            0.2205,
            0.3961,
            0.7633,
            0.4127,
            0.7984,
            0.3751,
            0.222,
            0.7844,
            0.95,
            0.287,
            0.3282,
            0.3457,
            0.3004,
            0.7633,
            0.3039,
            0.3892,
            0.23,
            0.0,
            0.7952,
            0.2055,
            0.3133,
            0.5949,
            0.6065,
            0.719,
            0.1766,
            0.7393,
            0.5967,
            0.4727,
            0.6325,
            0.2859,
            0.8587,
            0.3804,
            0.7657,
            0.6749,
            0.5572,
            0.7762,
            0.3209,
            0.2587
        ],
        [
            0.6874,
            0.7396,
            0.8355,
            0.95,
            0.6678,
            0.2999,
            0.3817,
            0.7023,
            0.2543,
            0.276,
            0.6892,
            0.7677,
            0.8204,
            0.6738,
            0.0933,
            0.95,
            0.3718,
            0.7233,
            0.6763,
            0.3309,
            0.34,
            0.5983,
            0.603,
            0.7556,
            0.6804,
            0.2864,
            0.7229,
            0.8392,
            0.6286,
            0.7952,
            0.0,
            0.5763,
            0.814,
            0.4986,
            0.255,
            0.2513,
            0.7944,
            0.3039,
            0.4219,
            0.6875,
            0.2859,
            0.8745,
            0.2499,
            0.7798,
            0.3748,
            0.2536,
            0.0995,
            0.398,
            0.7574,
            0.7546
        ],
        [
            0.1542,
            0.1109,
            0.1324,
            0.351,
            0.2491,
            0.8701,
            0.6611,
            0.3312,
            0.5971,
            0.7926,
            0.2221,
            0.3707,
            0.4269,
            0.2993,
            0.7338,
            0.2968,
            0.7355,
            0.3402,
            0.2929,
            0.6281,
            0.6012,
            0.263,
            0.1841,
            0.2442,
            0.2409,
            0.6588,
            0.2984,
            0.2955,
            0.3746,
            0.2055,
            0.5763,
            0.0,
            0.3052,
            0.7512,
            0.776,
            0.7599,
            0.4116,
            0.8164,
            0.5382,
            0.2735,
            0.8642,
            0.3456,
            0.6314,
            0.1413,
            0.7995,
            0.7927,
            0.7999,
            0.5798,
            0.3849,
            0.4104
        ],
        [
            0.2029,
            0.2452,
            0.2003,
            0.2385,
            0.257,
            0.7038,
            0.743,
            0.2248,
            0.7252,
            0.928,
            0.2377,
            0.4291,
            0.3653,
            0.1752,
            0.8148,
            0.3292,
            0.6514,
            0.2511,
            0.3315,
            0.911,
            0.7353,
            0.2555,
            0.4685,
            0.3268,
            0.3945,
            0.7573,
            0.4506,
            0.2896,
            0.4983,
            0.3133,
            0.814,
            0.3052,
            0.0,
            0.8051,
            0.6087,
            0.7765,
            0.2446,
            0.6397,
            0.8235,
            0.2181,
            0.9195,
            0.3114,
            0.8797,
            0.3229,
            0.7189,
            0.5753,
            0.5516,
            0.6839,
            0.2479,
            0.2188
        ],
        [
            0.6689,
            0.5717,
            0.692,
            0.6825,
            0.7325,
            0.3194,
            0.1777,
            0.7689,
            0.2485,
            0.2712,
            0.8758,
            0.7161,
            0.7368,
            0.7107,
            0.1785,
            0.6535,
            0.2528,
            0.7324,
            0.6843,
            0.3496,
            0.229,
            0.6601,
            0.8174,
            0.6759,
            0.491,
            0.3682,
            0.4356,
            0.7954,
            0.8804,
            0.5949,
            0.4986,
            0.7512,
            0.8051,
            0.0,
            0.2856,
            0.3363,
            0.6943,
            0.4215,
            0.3086,
            0.551,
            0.1745,
            0.7208,
            0.2944,
            0.8565,
            0.3733,
            0.4331,
            0.3984,
            0.3954,
            0.7884,
            0.5412
        ],
        [
            0.6225,
            0.6848,
            0.6805,
            0.7225,
            0.6887,
            0.4879,
            0.4101,
            0.6833,
            0.2279,
            0.2475,
            0.7869,
            0.7516,
            0.6475,
            0.7275,
            0.26,
            0.8589,
            0.2467,
            0.6616,
            0.8295,
            0.3198,
            0.3572,
            0.7373,
            0.7543,
            0.5649,
            0.8383,
            0.1084,
            0.693,
            0.7534,
            0.9005,
            0.6065,
            0.255,
            0.776,
            0.6087,
            0.2856,
            0.0,
            0.2645,
            0.7056,
            0.0958,
            0.1107,
            0.95,
            0.5329,
            0.5827,
            0.4224,
            0.7126,
            0.4262,
            0.2371,
            0.4289,
            0.2215,
            0.7302,
            0.6046
        ],
        [
            0.685,
            0.657,
            0.652,
            0.8049,
            0.536,
            0.4628,
            0.356,
            0.7392,
            0.376,
            0.251,
            0.5601,
            0.7368,
            0.7461,
            0.8053,
            0.3246,
            0.6232,
            0.2556,
            0.7262,
            0.7126,
            0.0565,
            0.3471,
            0.6402,
            0.7807,
            0.7685,
            0.6899,
            0.5002,
            0.4555,
            0.6201,
            0.95,
            0.719,
            0.2513,
            0.7599,
            0.7765,
            0.3363,
            0.2645,
            0.0,
            0.6841,
            0.0882,
            0.3743,
            0.5536,
            0.2537,
            0.751,
            0.1812,
            0.7123,
            0.3141,
            0.6531,
            0.3214,
            0.3808,
            0.7592,
            0.6068
        ],
        [
            0.2836,
            0.3446,
            0.28,
            0.2306,
            0.3298,
            0.5958,
            0.7693,
            0.1887,
            0.8505,
            0.6268,
            0.2983,
            0.3442,
            0.135,
            0.3659,
            0.5539,
            0.3735,
            0.6977,
            0.3174,
            0.1361,
            0.6891,
            0.6171,
            0.3417,
            0.3133,
            0.3073,
            0.2693,
            0.5931,
            0.215,
            0.2914,
            0.243,
            0.1766,
            0.7944,
            0.4116,
            0.2446,
            0.6943,
            0.7056,
            0.6841,
            0.0,
            0.7887,
            0.6286,
            0.3906,
            0.7369,
            0.3919,
            0.7327,
            0.0877,
            0.6577,
            0.7823,
            0.6058,
            0.7739,
            0.2844,
            0.1655
        ],
        [
            0.6309,
            0.7971,
            0.8203,
            0.6692,
            0.8429,
            0.3724,
            0.2888,
            0.7904,
            0.295,
            0.3888,
            0.7378,
            0.8244,
            0.7148,
            0.7763,
            0.3218,
            0.9106,
            0.3257,
            0.6439,
            0.5996,
            0.3107,
            0.2883,
            0.5116,
            0.6427,
            0.6382,
            0.8287,
            0.1849,
            0.6262,
            0.7674,
            0.8556,
            0.7393,
            0.3039,
            0.8164,
            0.6397,
            0.4215,
            0.0958,
            0.0882,
            0.7887,
            0.0,
            0.0286,
            0.5844,
            0.3803,
            0.8101,
            0.3801,
            0.6998,
            0.245,
            0.3884,
            0.4534,
            0.3402,
            0.7115,
            0.7103
        ],
        [
            0.6585,
            0.7883,
            0.6138,
            0.8085,
            0.675,
            0.3972,
            0.2912,
            0.6701,
            0.2624,
            0.2236,
            0.568,
            0.5894,
            0.7448,
            0.4958,
            0.3316,
            0.8677,
            0.2477,
            0.6396,
            0.7315,
            0.2315,
            0.3426,
            0.6462,
            0.7361,
            0.6797,
            0.5887,
            0.1383,
            0.5751,
            0.7601,
            0.6376,
            0.5967,
            0.4219,
            0.5382,
            0.8235,
            0.3086,
            0.1107,
            0.3743,
            0.6286,
            0.0286,
            0.0,
            0.711,
            0.3178,
            0.5593,
            0.3311,
            0.8157,
            0.2731,
            0.1503,
            0.3158,
            0.4669,
            0.6506,
            0.5386
        ],
        [
            0.1708,
            0.3721,
            0.2907,
            0.2013,
            0.3026,
            0.7179,
            0.8058,
            0.4927,
            0.4813,
            0.547,
            0.371,
            0.2008,
            0.5212,
            0.4854,
            0.5807,
            0.1237,
            0.95,
            0.3363,
            0.4259,
            0.6188,
            0.7701,
            0.4353,
            0.2804,
            0.248,
            0.2952,
            0.7264,
            0.2368,
            0.3541,
            0.2497,
            0.4727,
            0.6875,
            0.2735,
            0.2181,
            0.551,
            0.95,
            0.5536,
            0.3906,
            0.5844,
            0.711,
            0.0,
            0.5682,
            0.2108,
            0.7487,
            0.5334,
            0.7651,
            0.7437,
            0.4524,
            0.593,
            0.141,
            0.5045
        ],
        [
            0.559,
            0.8527,
            0.6394,
            0.6903,
            0.7402,
            0.2959,
            0.1287,
            0.6667,
            0.2544,
            0.349,
            0.689,
            0.7934,
            0.7616,
            0.5417,
            0.3051,
            0.7263,
            0.3632,
            0.7866,
            0.7592,
            0.3357,
            0.3383,
            0.774,
            0.4602,
            0.4998,
            0.6837,
            0.3772,
            0.654,
            0.7484,
            0.808,
            0.6325,
            0.2859,
            0.8642,
            0.9195,
            0.1745,
            0.5329,
            0.2537,
            0.7369,
            0.3803,
            0.3178,
            0.5682,
            0.0,
            0.7171,
            0.3199,
            0.6967,
            0.3838,
            0.3647,
            0.3128,
            0.3592,
            0.8161,
            0.8895
        ],
        [
            0.3787,
            0.2408,
            0.3829,
            0.1968,
            0.104,
            0.7209,
            0.579,
            0.2666,
            0.5698,
            0.634,
            0.2508,
            0.2265,
            0.3916,
            0.2269,
            0.5979,
            0.1697,
            0.6925,
            0.353,
            0.2567,
            0.7562,
            0.5503,
            0.1596,
            0.3311,
            0.4036,
            0.4328,
            0.7802,
            0.2656,
            0.2171,
            0.2468,
            0.2859,
            0.8745,
            0.3456,
            0.3114,
            0.7208,
            0.5827,
            0.751,
            0.3919,
            0.8101,
            0.5593,
            0.2108,
            0.7171,
            0.0,
            0.6322,
            0.236,
            0.8009,
            0.6876,
            0.5398,
            0.6327,
            0.2685,
            0.6047
        ],
        [
            0.7243,
            0.5944,
            0.6456,
            0.738,
            0.7692,
            0.3166,
            0.35,
            0.4538,
            0.3951,
            0.0403,
            0.7287,
            0.7023,
            0.6932,
            0.8081,
            0.166,
            0.7811,
            0.1938,
            0.7442,
            0.732,
            0.3614,
            0.2313,
            0.7534,
            0.6421,
            0.5431,
            0.6397,
            0.1886,
            0.6432,
            0.7755,
            0.8343,
            0.8587,
            0.2499,
            0.6314,
            0.8797,
            0.2944,
            0.4224,
            0.1812,
            0.7327,
            0.3801,
            0.3311,
            0.7487,
            0.3199,
            0.6322,
            0.0,
            0.8108,
            0.2434,
            0.1808,
            0.4999,
            0.2407,
            0.7271,
            0.66
        ],
        [
            0.3275,
            0.3449,
            0.4475,
            0.256,
            0.2973,
            0.7339,
            0.68,
            0.3126,
            0.7907,
            0.803,
            0.4264,
            0.2643,
            0.4144,
            0.3049,
            0.6566,
            0.2022,
            0.7404,
            0.1672,
            0.1595,
            0.8421,
            0.7029,
            0.3692,
            0.1731,
            0.4163,
            0.3267,
            0.6076,
            0.369,
            0.1228,
            0.2309,
            0.3804,
            0.7798,
            0.1413,
            0.3229,
            0.8565,
            0.7126,
            0.7123,
            0.0877,
            0.6998,
            0.8157,
            0.5334,
            0.6967,
            0.236,
            0.8108,
            0.0,
            0.8921,
            0.4784,
            0.6322,
            0.7517,
            0.1505,
            0.1104
        ],
        [
            0.757,
            0.6141,
            0.7839,
            0.688,
            0.6039,
            0.4854,
            0.2073,
            0.6603,
            0.3637,
            0.2691,
            0.714,
            0.8326,
            0.7929,
            0.7229,
            0.3106,
            0.7161,
            0.2489,
            0.6723,
            0.8549,
            0.2788,
            0.3265,
            0.7045,
            0.7433,
            0.7478,
            0.7109,
            0.4815,
            0.5738,
            0.669,
            0.5814,
            0.7657,
            0.3748,
            0.7995,
            0.7189,
            0.3733,
            0.4262,
            0.3141,
            0.6577,
            0.245,
            0.2731,
            0.7651,
            0.3838,
            0.8009,
            0.2434,
            0.8921,
            0.0,
            0.01,
            0.4243,
            0.2691,
            0.6247,
            0.6871
        ],
        [
            0.6242,
            0.8403,
            0.6079,
            0.8417,
            0.7374,
            0.3881,
            0.2335,
            0.6065,
            0.3268,
            0.2854,
            0.6701,
            0.7044,
            0.8363,
            0.5483,
            0.3059,
            0.5364,
            0.4321,
            0.5093,
            0.8155,
            0.5336,
            0.3101,
            0.8163,
            0.6497,
            0.66,
            0.6853,
            0.3409,
            0.7535,
            0.5569,
            0.9047,
            0.6749,
            0.2536,
            0.7927,
            0.5753,
            0.4331,
            0.2371,
            0.6531,
            0.7823,
            0.3884,
            0.1503,
            0.7437,
            0.3647,
            0.6876,
            0.1808,
            0.4784,
            0.01,
            0.0,
            0.3691,
            0.2923,
            0.6402,
            0.6584
        ],
        [
            0.7589,
            0.6252,
            0.7239,
            0.6631,
            0.8106,
            0.2652,
            0.1918,
            0.5055,
            0.1792,
            0.1665,
            0.741,
            0.7592,
            0.5485,
            0.7068,
            0.3968,
            0.4962,
            0.2893,
            0.6859,
            0.6145,
            0.3504,
            0.3683,
            0.5206,
            0.7898,
            0.6585,
            0.796,
            0.3017,
            0.5542,
            0.6188,
            0.5805,
            0.5572,
            0.0995,
            0.7999,
            0.5516,
            0.3984,
            0.4289,
            0.3214,
            0.6058,
            0.4534,
            0.3158,
            0.4524,
            0.3128,
            0.5398,
            0.4999,
            0.6322,
            0.4243,
            0.3691,
            0.0,
            0.4547,
            0.6597,
            0.654
        ],
        [
            0.6149,
            0.6609,
            0.7556,
            0.7001,
            0.5759,
            0.1984,
            0.1653,
            0.7679,
            0.3042,
            0.369,
            0.6759,
            0.6426,
            0.6741,
            0.6688,
            0.1247,
            0.8119,
            0.3808,
            0.7254,
            0.755,
            0.2742,
            0.2803,
            0.6355,
            0.7279,
            0.6985,
            0.6353,
            0.3967,
            0.797,
            0.7883,
            0.693,
            0.7762,
            0.398,
            0.5798,
            0.6839,
            0.3954,
            0.2215,
            0.3808,
            0.7739,
            0.3402,
            0.4669,
            0.593,
            0.3592,
            0.6327,
            0.2407,
            0.7517,
            0.2691,
            0.2923,
            0.4547,
            0.0,
            0.7782,
            0.3447
        ],
        [
            0.2398,
            0.2238,
            0.0338,
            0.3668,
            0.3547,
            0.6458,
            0.6714,
            0.3778,
            0.8288,
            0.6836,
            0.2936,
            0.2231,
            0.4057,
            0.2892,
            0.6649,
            0.3774,
            0.8024,
            0.3134,
            0.3565,
            0.6118,
            0.7759,
            0.4129,
            0.2394,
            0.2444,
            0.4675,
            0.4906,
            0.3147,
            0.3099,
            0.1862,
            0.3209,
            0.7574,
            0.3849,
            0.2479,
            0.7884,
            0.7302,
            0.7592,
            0.2844,
            0.7115,
            0.6506,
            0.141,
            0.8161,
            0.2685,
            0.7271,
            0.1505,
            0.6247,
            0.6402,
            0.6597,
            0.7782,
            0.0,
            0.2344
        ],
        [
            0.2392,
            0.3279,
            0.3609,
            0.4696,
            0.4716,
            0.8156,
            0.7959,
            0.2858,
            0.8124,
            0.6582,
            0.2342,
            0.2824,
            0.2737,
            0.1137,
            0.6736,
            0.3139,
            0.6258,
            0.2128,
            0.4263,
            0.6477,
            0.6896,
            0.1655,
            0.2687,
            0.4591,
            0.409,
            0.4997,
            0.4964,
            0.3338,
            0.2939,
            0.2587,
            0.7546,
            0.4104,
            0.2188,
            0.5412,
            0.6046,
            0.6068,
            0.1655,
            0.7103,
            0.5386,
            0.5045,
            0.8895,
            0.6047,
            0.66,
            0.1104,
            0.6871,
            0.6584,
            0.654,
            0.3447,
            0.2344,
            0.0
        ]
    ]
}