{
    "n": 50,
    "k": 2,
    "r": [
        2.0145,
        1.1092,
        1.4284,
        2.1609,
        1.4784,
        1.236,
        1.4073,
        1.1962,
        2.0524,
        1.4467,
        2.3164,
        2.1438,
        1.285,
        2.0631,
        1.7106,
        2.1025,
        2.011,
        1.3771,
        1.8668,
        2.3428,
        1.1652,
        2.4986,
        1.0792,
        1.5201,
        1.7892,
        2.302,
        1.6709,
        1.2132,
        1.9933,
        1.9189,
        1.7981,
        2.0018,
        2.2199,
        1.0871,
        2.0076,
        2.2014,
        1.453,
        2.3228,
        1.4068,
        1.5671,
        1.8651,
        1.6116,
        1.7219,
        2.0715,
        2.268,
        2.0064,
        2.1692,
        1.3855,
        1.6002,
        1.8554
    ],
    "R": 1.7978,
    "dij": [
        [
            0.0,
            0.3022,
            0.1814,
            0.0969,
            0.025,
            0.9158,
            0.2524,
            0.7913,
            0.1026,
            0.5345,
            0.7051,
            0.8644,
            0.0603,
            0.3581,
            0.5793,
            0.2912,
            0.7772,
            0.337,
            0.9637,
            0.8031,
            0.3349,
            0.5738,
            0.9041,
            0.0186,
            0.8094,
            0.51,
            0.5095,
            0.7703,
            0.4372,
            0.6955,
            0.1569,
            0.1843,
            0.4929,
            0.4163,
            0.392,
            0.0737,
            0.7184,
            0.1729,
            0.8289,
            0.8032,
            0.9734,
            0.6057,
            0.3052,
            0.8044,
            0.9819,
            0.3157,
            0.0126,
            0.8469,
            0.4805,
            0.098
        ],
        [
            0.6639,
            0.0,
            0.6095,
            0.0571,
            0.6213,
            0.428,
            0.2647,
            0.9716,
            0.6206,
            0.102,
            0.9084,
            0.8487,
            0.8137,
            0.5533,
            0.6413,
            0.3494,
            0.1295,
            0.6307,
            0.4678,
            0.2795,
            0.6177,
            0.1202,
            0.6067,
            0.8823,
            0.0951,
            0.5594,
            0.5343,
            0.4867,
            0.3822,
            0.4773,
            0.3271,
            0.9352,
            0.7077,
            0.7369,
            0.9006,
            0.5135,
            0.6668,
            0.614,
            0.0378,
            0.9844,
            0.1984,
            0.0392,
            0.7103,
            0.4928,
            0.4005,
            0.2447,
            0.8523,
            0.4111,
            0.5929,
            0.4879
        ],
        [
            0.723,
            0.0336,
            0.0,
            0.2112,
            0.5881,
            0.1807,
            0.9926,
            0.6398,
            0.7909,
            0.4966,
            0.7896,
            0.1685,
            0.2848,
            0.3208,
            0.5388,
            0.6705,
            0.8706,
            0.1369,
            0.9266,
            0.0844,
            0.4153,
            0.81,
            0.3809,
            0.1854,
            0.1084,
            0.2233,
            0.3044,
            0.3798,
            0.5696,
            0.4725,
            0.5326,
            0.9733,
            0.8816,
            0.2964,
            0.7968,
            0.5448,
            0.1468,
            0.7886,
            0.9518,
            0.6624,
            0.2403,
            0.6515,
            0.262,
            0.5288,
            0.325,
            0.1512,
            0.4048,
            0.8656,
            0.712,
            0.2833
        ],
        [
            0.2857,
            0.7496,
            0.2258,
            0.0,
            0.61,
            0.8351,
            0.8297,
            0.9418,
            0.5534,
            0.0462,
            0.7927,
            0.2811,
            0.3175,
            0.4934,
            0.7423,
            0.5856,
            0.3741,
            0.1131,
            0.5175,
            0.1111,
            0.1326,
            0.2647,
            0.7955,
            0.323,
            0.0496,
            0.9682,
            0.768,
            0.4539,
            0.0185,
            0.2137,
            0.7201,
            0.8589,
            0.2244,
            0.4712,
            0.6202,
            0.5231,
            0.6861,
            0.7074,
            0.5026,
            0.7181,
            0.712,
            0.7203,
            0.3851,
            0.0587,
            0.6399,
            0.9829,
            0.0711,
            0.1886,
            0.0939,
            0.4346
        ],
        [
            0.1889,
            0.7216,
            0.5795,
            0.601,
            0.0,
            0.0161,
            0.559,
            0.4726,
            0.2408,
            0.7146,
            0.5303,
            0.3958,
            0.6149,
            0.3176,
            0.6473,
            0.0369,
            0.5817,
            0.2754,
            0.0547,
            0.61,
            0.1061,
            0.3443,
            0.0566,
            0.5038,
            0.5307,
            0.4851,
            0.7849,
            0.5627,
            0.1984,
            0.1265,
            0.6747,
            0.9624,
            0.1664,
            0.0955,
            0.2226,
            0.2657,
            0.8256,
            0.0081,
            0.3683,
            0.2962,
            0.5514,
            0.3673,
            0.6976,
            0.4921,
            0.4339,
            0.5335,
            0.5271,
            0.62,
            0.5257,
            0.952
        ],
        [
            0.2706,
            0.7319,
            0.4363,
            0.3982,
            0.533,
            0.0,
            0.4303,
            0.8914,
            0.5419,
            0.4012,
            0.1135,
            0.6519,
            0.9268,
            0.5853,
            0.2667,
            0.649,
            0.5464,
            0.3917,
            0.4604,
            0.4579,
            0.9768,
            0.6005,
            0.8356,
            0.13,
            0.8561,
            0.8191,
            0.8542,
            0.3376,
            0.5963,
            0.886,
            0.563,
            0.4695,
            0.9925,
            0.0671,
            0.6307,
            0.8747,
            0.7312,
            0.7161,
            0.3793,
            0.1073,
            0.2127,
            0.609,
            0.0847,
            0.1146,
            0.6439,
            0.726,
            0.6721,
            0.2203,
            0.657,
            0.0168
        ],
        [
            0.929,
            0.9592,
            0.3073,
            0.6447,
            0.3382,
            0.5075,
            0.0,
            0.9572,
            0.8106,
            0.931,
            0.5296,
            0.9028,
            0.0666,
            0.2361,
            0.7571,
            0.0018,
            0.0729,
            0.9369,
            0.5991,
            0.9291,
            0.7783,
            0.1022,
            0.6545,
            0.1954,
            0.7357,
            0.0803,
            0.2673,
            0.0054,
            0.903,
            0.92,
            0.0911,
            0.4578,
            0.6027,
            0.8205,
            0.9171,
            0.7282,
            0.0332,
            0.7357,
            0.2019,
            0.8895,
            0.9545,
            0.7037,
            0.9193,
            0.3369,
            0.9347,
            0.2868,
            0.4657,
            0.8262,
            0.942,
            0.2993
        ],
        [
            0.465,
            0.7718,
            0.2311,
            0.6363,
            0.9677,
            0.4967,
            0.601,
            0.0,
            0.5116,
            0.6952,
            0.5286,
            0.0432,
            0.8975,
            0.9664,
            0.1783,
            0.6581,
            0.5693,
            0.6137,
            0.721,
            0.3369,
            0.4401,
            0.4592,
            0.1074,
            0.0189,
            0.3913,
            0.1476,
            0.21,
            0.4506,
            0.7477,
            0.7168,
            0.1204,
            0.2267,
            0.1865,
            0.6734,
            0.3643,
            0.9084,
            0.8737,
            0.8372,
            0.3083,
            0.9302,
            0.5415,
            0.0477,
            0.6038,
            0.5854,
            0.635,
            0.859,
            0.0716,
            0.7868,
            0.7168,
            0.8681
        ],
        [
            0.7972,
            0.1799,
            0.8862,
            0.6516,
            0.8791,
            0.8481,
            0.6637,
            0.6858,
            0.0,
            0.3092,
            0.8422,
            0.3631,
            0.9776,
            0.937,
            0.9479,
            0.5861,
            0.1497,
            0.656,
            0.0267,
            0.944,
            0.9144,
            0.7331,
            0.5634,
            0.9548,
            0.2188,
            0.4211,
            0.6632,
            0.5755,
            0.2811,
            0.7779,
            0.2624,
            0.7257,
            0.469,
            0.2894,
            0.0327,
            0.5684,
            0.0378,
            0.6879,
            0.5144,
            0.1508,
            0.0059,
            0.4228,
            0.0817,
            0.741,
            0.4802,
            0.5414,
            0.5675,
            0.9818,
            0.8961,
            0.8771
        ],
        [
            0.982,
            0.3721,
            0.9218,
            0.5468,
            0.1051,
            0.5736,
            0.627,
            0.2745,
            0.3089,
            0.0,
            0.2706,
            0.2893,
            0.2588,
            0.6439,
            0.1518,
            0.3863,
            0.1341,
            0.7859,
            0.8476,
            0.6877,
            0.5379,
            0.0106,
            0.5628,
            0.0167,
            0.1878,
            0.6591,
            0.6492,
            0.8724,
            0.4771,
            0.4078,
            0.3273,
            0.3283,
            0.498,
            0.0273,
            0.9228,
            0.5287,
            0.9547,
            0.2905,
            0.9458,
            0.9342,
            0.8427,
            0.408,
            0.6348,
            0.0955,
            0.4659,
            0.6988,
            0.2485,
            0.3543,
            0.1562,
            0.3452
        ],
        [
            0.7882,
            0.5856,
            0.4428,
            0.5769,
            0.421,
            0.5773,
            0.5869,
            0.566,
            0.7381,
            0.1878,
            0.0,
            0.2434,
            0.2501,
            0.2847,
            0.7457,
            0.7148,
            0.0855,
            0.2153,
            0.119,
            0.1109,
            0.173,
            0.394,
            0.4994,
            0.6773,
            0.6958,
            0.0348,
            0.7173,
            0.6062,
            0.6494,
            0.3718,
            0.8266,
            0.2134,
            0.4488,
            0.0032,
            0.6349,
            0.7682,
            0.0985,
            0.7792,
            0.2158,
            0.6511,
            0.3348,
            0.3444,
            0.3045,
            0.4914,
            0.7556,
            0.8198,
            0.3923,
            0.695,
            0.7167,
            0.0093
        ],
        [
            0.0921,
            0.8142,
            0.1555,
            0.9508,
            0.8278,
            0.5475,
            0.4227,
            0.6615,
            0.677,
            0.5644,
            0.509,
            0.0,
            0.7444,
            0.9325,
            0.1223,
            0.753,
            0.6755,
            0.9427,
            0.0342,
            0.0928,
            0.485,
            0.8487,
            0.9206,
            0.0424,
            0.3083,
            0.6733,
            0.8367,
            0.2265,
            0.0431,
            0.192,
            0.0807,
            0.4009,
            0.6988,
            0.9823,
            0.3579,
            0.9155,
            0.1857,
            0.4883,
            0.0763,
            0.8706,
            0.6648,
            0.3022,
            0.9158,
            0.4279,
            0.0036,
            0.4307,
            0.2037,
            0.588,
            0.6467,
            0.0572
        ],
        [
            0.7016,
            0.6337,
            0.801,
            0.1881,
            0.4401,
            0.0918,
            0.3518,
            0.4823,
            0.0987,
            0.0323,
            0.3685,
            0.1406,
            0.0,
            0.1971,
            0.1911,
            0.8491,
            0.6715,
            0.1373,
            0.9205,
            0.3275,
            0.0914,
            0.082,
            0.1685,
            0.265,
            0.8894,
            0.2834,
            0.9131,
            0.4552,
            0.6206,
            0.3262,
            0.8314,
            0.5972,
            0.1743,
            0.9478,
            0.4179,
            0.4296,
            0.9479,
            0.1665,
            0.3261,
            0.1545,
            0.5594,
            0.0785,
            0.3355,
            0.1533,
            0.774,
            0.4699,
            0.7318,
            0.812,
            0.9711,
            0.1264
        ],
        [
            0.557,
            0.2702,
            0.1212,
            0.1831,
            0.9295,
            0.298,
            0.1904,
            0.7937,
            0.8697,
            0.7829,
            0.1323,
            0.8365,
            0.7853,
            0.0,
            0.3545,
            0.4152,
            0.5171,
            0.5598,
            0.5158,
            0.869,
            0.1464,
            0.4776,
            0.9825,
            0.2906,
            0.0031,
            0.6501,
            0.3113,
            0.4785,
            0.3205,
            0.1058,
            0.3851,
            0.8806,
            0.0911,
            0.1564,
            0.6482,
            0.9716,
            0.2686,
            0.0766,
            0.3961,
            0.0317,
            0.7232,
            0.5728,
            0.8167,
            0.1659,
            0.2045,
            0.8955,
            0.0816,
            0.6976,
            0.0845,
            0.5198
        ],
        [
            0.1228,
            0.0134,
            0.4581,
            0.8405,
            0.6572,
            0.1608,
            0.8094,
            0.3756,
            0.3024,
            0.9599,
            0.4905,
            0.3775,
            0.1308,
            0.1174,
            0.0,
            0.3327,
            0.7052,
            0.6956,
            0.4977,
            0.113,
            0.5558,
            0.8032,
            0.9635,
            0.9222,
            0.9159,
            0.7891,
            0.6653,
            0.8401,
            0.5628,
            0.3591,
            0.287,
            0.1007,
            0.0761,
            0.889,
            0.3867,
            0.6026,
            0.5378,
            0.3238,
            0.3683,
            0.315,
            0.6775,
            0.5339,
            0.4076,
            0.3529,
            0.6989,
            0.8023,
            0.3928,
            0.7954,
            0.8113,
            0.6687
        ],
        [
            0.9174,
            0.6843,
            0.4237,
            0.2616,
            0.2857,
            0.8697,
            0.2418,
            0.6316,
            0.0439,
            0.709,
            0.8752,
            0.4771,
            0.8256,
            0.9911,
            0.7629,
            0.0,
            0.3912,
            0.4433,
            0.0863,
            0.0077,
            0.6085,
            0.1925,
            0.4749,
            0.5696,
            0.5644,
            0.4696,
            0.4251,
            0.3202,
            0.4866,
            0.9319,
            0.051,
            0.2157,
            0.9595,
            0.1064,
            0.0342,
            0.1577,
            0.2855,
            0.1916,
            0.9452,
            0.9871,
            0.1815,
            0.4258,
            0.3741,
            0.4654,
            0.2387,
            0.6608,
            0.5501,
            0.4428,
            0.9925,
            0.5234
        ],
        [
            0.0192,
            0.0082,
            0.439,
            0.269,
            0.1214,
            0.4459,
            0.786,
            0.639,
            0.602,
            0.767,
            0.8794,
            0.7972,
            0.8999,
            0.4095,
            0.4446,
            0.6972,
            0.0,
            0.2773,
            0.629,
            0.9369,
            0.2052,
            0.886,
            0.2292,
            0.5731,
            0.0176,
            0.8868,
            0.4786,
            0.7415,
            0.4312,
            0.8549,
            0.2125,
            0.8549,
            0.4438,
            0.1524,
            0.353,
            0.5125,
            0.4032,
            0.1198,
            0.3459,
            0.7334,
            0.0889,
            0.9805,
            0.7423,
            0.0542,
            0.1126,
            0.1935,
            0.6121,
            0.6258,
            0.5395,
            0.5686
        ],
        [
            0.3619,
            0.723,
            0.7611,
            0.5164,
            0.3425,
            0.4995,
            0.1942,
            0.2573,
            0.496,
            0.22,
            0.7582,
            0.2482,
            0.9718,
            0.1401,
            0.0243,
            0.606,
            0.5371,
            0.0,
            0.488,
            0.7819,
            0.0967,
            0.1102,
            0.3995,
            0.6498,
            0.0734,
            0.8764,
            0.4349,
            0.9564,
            0.6927,
            0.5279,
            0.5145,
            0.519,
            0.4649,
            0.9532,
            0.8891,
            0.55,
            0.3992,
            0.5303,
            0.0875,
            0.3392,
            0.1356,
            0.1058,
            0.4428,
            0.7441,
            0.5551,
            0.4257,
            0.9431,
            0.7924,
            0.1685,
            0.0393
        ],
        [
            0.1953,
            0.1238,
            0.9217,
            0.7844,
            0.2682,
            0.8703,
            0.6475,
            0.8455,
            0.4559,
            0.2949,
            0.1191,
            0.6828,
            0.7658,
            0.7834,
            0.9484,
            0.795,
            0.1367,
            0.2389,
            0.0,
            0.4461,
            0.5572,
            0.3322,
            0.6805,
            0.0814,
            0.6206,
            0.3091,
            0.4126,
            0.6413,
            0.7406,
            0.8048,
            0.7478,
            0.44,
            0.3851,
            0.4435,
            0.2433,
            0.8165,
            0.4671,
            0.9455,
            0.432,
            0.2281,
            0.9109,
            0.6843,
            0.4307,
            0.0803,
            0.9861,
            0.0974,
            0.1871,
            0.6915,
            0.6995,
            0.6114
        ],
        [
            0.6227,
            0.7107,
            0.6097,
            0.5246,
            0.9298,
            0.846,
            0.0672,
            0.6462,
            0.3899,
            0.0039,
            0.7213,
            0.0586,
            0.8738,
            0.839,
            0.3442,
            0.8226,
            0.2372,
            0.1718,
            0.0632,
            0.0,
            0.6078,
            0.5461,
            0.4815,
            0.823,
            0.7793,
            0.3388,
            0.8949,
            0.1949,
            0.517,
            0.4034,
            0.7167,
            0.478,
            0.9397,
            0.0829,
            0.7556,
            0.9561,
            0.0546,
            0.7612,
            0.4634,
            0.3257,
            0.1813,
            0.9707,
            0.1795,
            0.3999,
            0.9841,
            0.117,
            0.0463,
            0.5107,
            0.3047,
            0.9226
        ],
        [
            0.37,
            0.8077,
            0.6723,
            0.5756,
            0.1779,
            0.4842,
            0.2175,
            0.3776,
            0.4195,
            0.5528,
            0.8334,
            0.9358,
            0.4282,
            0.3867,
            0.8422,
            0.1424,
            0.8235,
            0.826,
            0.5396,
            0.1148,
            0.0,
            0.0716,
            0.4921,
            0.5633,
            0.8013,
            0.8091,
            0.038,
            0.3231,
            0.4416,
            0.0668,
            0.9982,
            0.198,
            0.3528,
            0.3211,
            0.247,
            0.8532,
            0.9045,
            0.2064,
            0.5698,
            0.6708,
            0.0018,
            0.1337,
            0.938,
            0.5282,
            0.5423,
            0.4187,
            0.2453,
            0.7037,
            0.4019,
            0.2853
        ],
        [
            0.9922,
            0.1287,
            0.6068,
            0.294,
            0.029,
            0.5931,
            0.4914,
            0.0784,
            0.6065,
            0.5772,
            0.9032,
            0.8132,
            0.0531,
            0.8909,
            0.6877,
            0.8088,
            0.4715,
            0.444,
            0.4161,
            0.7941,
            0.158,
            0.0,
            0.3147,
            0.3277,
            0.6996,
            0.8343,
            0.3776,
            0.8162,
            0.0399,
            0.4646,
            0.7331,
            0.2353,
            0.1621,
            0.4781,
            0.771,
            0.714,
            0.7928,
            0.0025,
            0.7465,
            0.9414,
            0.4756,
            0.9673,
            0.4232,
            0.4438,
            0.5437,
            0.4196,
            0.4303,
            0.5454,
            0.623,
            0.7249
        ],
        [
            0.9537,
            0.8444,
            0.4857,
            0.4286,
            0.8156,
            0.0137,
            0.0515,
            0.7584,
            0.3367,
            0.6624,
            0.3299,
            0.4892,
            0.9863,
            0.3324,
            0.4888,
            0.8245,
            0.938,
            0.5504,
            0.8045,
            0.1302,
            0.609,
            0.7334,
            0.0,
            0.5137,
            0.2303,
            0.4333,
            0.6599,
            0.889,
            0.7458,
            0.8485,
            0.9295,
            0.9404,
            0.7551,
            0.608,
            0.2961,
            0.7071,
            0.3506,
            0.0544,
            0.2036,
            0.7284,
            0.3849,
            0.6916,
            0.6921,
            0.7326,
            0.3668,
            0.162,
            0.8619,
            0.9709,
            0.231,
            0.3288
        ],
        [
            0.1906,
            0.7335,
            0.8299,
            0.2114,
            0.8929,
            0.0014,
            0.3052,
            0.3198,
            0.4057,
            0.6464,
            0.7776,
            0.2972,
            0.404,
            0.8074,
            0.2436,
            0.5277,
            0.2563,
            0.1441,
            0.7929,
            0.3162,
            0.7675,
            0.3211,
            0.5845,
            0.0,
            0.7625,
            0.9648,
            0.26,
            0.983,
            0.6453,
            0.8063,
            0.2224,
            0.5406,
            0.4655,
            0.3189,
            0.832,
            0.0575,
            0.2005,
            0.8104,
            0.5055,
            0.4211,
            0.8489,
            0.9629,
            0.5192,
            0.2073,
            0.749,
            0.7958,
            0.7289,
            0.9793,
            0.8275,
            0.3863
        ],
        [
            0.3911,
            0.7571,
            0.9309,
            0.7867,
            0.3304,
            0.9369,
            0.4417,
            0.1387,
            0.5203,
            0.5794,
            0.4534,
            0.0456,
            0.173,
            0.6056,
            0.7387,
            0.6318,
            0.9755,
            0.3093,
            0.2027,
            0.3268,
            0.2654,
            0.5876,
            0.5197,
            0.7565,
            0.0,
            0.1084,
            0.672,
            0.8849,
            0.4689,
            0.4199,
            0.3085,
            0.7853,
            0.8817,
            0.0912,
            0.8823,
            0.8964,
            0.9217,
            0.6327,
            0.3343,
            0.7868,
            0.0812,
            0.7843,
            0.3826,
            0.7109,
            0.853,
            0.0776,
            0.9422,
            0.2298,
            0.024,
            0.2027
        ],
        [
            0.6157,
            0.3342,
            0.7841,
            0.2592,
            0.3023,
            0.719,
            0.4922,
            0.2777,
            0.6962,
            0.6178,
            0.6421,
            0.1882,
            0.023,
            0.5109,
            0.5776,
            0.8479,
            0.291,
            0.9903,
            0.382,
            0.3814,
            0.1254,
            0.9764,
            0.157,
            0.0961,
            0.4053,
            0.0,
            0.4478,
            0.9635,
            0.079,
            0.6803,
            0.0961,
            0.7569,
            0.2141,
            0.6598,
            0.141,
            0.662,
            0.0709,
            0.113,
            0.9597,
            0.1776,
            0.4154,
            0.9246,
            0.3051,
            0.5814,
            0.2609,
            0.5534,
            0.6976,
            0.0736,
            0.8999,
            0.4602
        ],
        [
            0.5221,
            0.075,
            0.3525,
            0.1346,
            0.9282,
            0.789,
            0.7159,
            0.6552,
            0.8689,
            0.2706,
            0.1856,
            0.9531,
            0.6488,
            0.7975,
            0.8678,
            0.3625,
            0.2684,
            0.902,
            0.6973,
            0.2872,
            0.1864,
            0.034,
            0.6053,
            0.6079,
            0.0863,
            0.4291,
            0.0,
            0.1458,
            0.5012,
            0.0559,
            0.8916,
            0.1608,
            0.6801,
            0.1082,
            0.6926,
            0.4711,
            0.9266,
            0.0327,
            0.0351,
            0.6845,
            0.4966,
            0.1274,
            0.9623,
            0.3808,
            0.6376,
            0.9684,
            0.969,
            0.2919,
            0.8762,
            0.546
        ],
        [
            0.4528,
            0.3499,
            0.1088,
            0.6588,
            0.4834,
            0.9222,
            0.4338,
            0.017,
            0.2987,
            0.751,
            0.9819,
            0.3402,
            0.3584,
            0.022,
            0.4031,
            0.8168,
            0.7779,
            0.8583,
            0.7899,
            0.5413,
            0.4065,
            0.9619,
            0.1261,
            0.3967,
            0.5262,
            0.7683,
            0.4335,
            0.0,
            0.977,
            0.5318,
            0.5684,
            0.1909,
            0.2123,
            0.7276,
            0.297,
            0.8384,
            0.5666,
            0.3937,
            0.8907,
            0.8653,
            0.6578,
            0.7966,
            0.4985,
            0.0877,
            0.9218,
            0.2945,
            0.1036,
            0.973,
            0.6312,
            0.2748
        ],
        [
            0.7425,
            0.1524,
            0.714,
            0.6168,
            0.4387,
            0.9662,
            0.0915,
            0.4328,
            0.4097,
            0.2576,
            0.4877,
            0.777,
            0.3328,
            0.1926,
            0.6888,
            0.0072,
            0.8247,
            0.0861,
            0.3341,
            0.5055,
            0.3341,
            0.5058,
            0.1685,
            0.5708,
            0.448,
            0.1652,
            0.9677,
            0.9339,
            0.0,
            0.6933,
            0.6718,
            0.926,
            0.4582,
            0.7062,
            0.1784,
            0.9402,
            0.9146,
            0.0807,
            0.9813,
            0.7459,
            0.5181,
            0.8706,
            0.7718,
            0.9907,
            0.4676,
            0.2002,
            0.7507,
            0.049,
            0.8511,
            0.9345
        ],
        [
            0.0306,
            0.422,
            0.8043,
            0.8313,
            0.6464,
            0.4379,
            0.2441,
            0.2159,
            0.5414,
            0.8894,
            0.3698,
            0.0028,
            0.9581,
            0.7115,
            0.3649,
            0.7405,
            0.2679,
            0.8295,
            0.6683,
            0.6947,
            0.8731,
            0.7912,
            0.7792,
            0.7197,
            0.873,
            0.2825,
            0.9277,
            0.7081,
            0.6387,
            0.0,
            0.4204,
            0.4763,
            0.422,
            0.9942,
            0.1821,
            0.5068,
            0.1508,
            0.9853,
            0.1075,
            0.9322,
            0.1685,
            0.033,
            0.7236,
            0.4173,
            0.6948,
            0.8309,
            0.7118,
            0.0757,
            0.1156,
            0.0802
        ],
        [
            0.3656,
            0.2849,
            0.5597,
            0.8747,
            0.508,
            0.5457,
            0.8404,
            0.1583,
            0.3196,
            0.7703,
            0.8705,
            0.6147,
            0.8048,
            0.4504,
            0.3887,
            0.1582,
            0.405,
            0.0333,
            0.5914,
            0.815,
            0.7319,
            0.3925,
            0.9725,
            0.871,
            0.4771,
            0.8575,
            0.8556,
            0.2701,
            0.3136,
            0.8608,
            0.0,
            0.6933,
            0.829,
            0.0354,
            0.3188,
            0.2704,
            0.986,
            0.2778,
            0.5593,
            0.5779,
            0.3144,
            0.1083,
            0.6325,
            0.5688,
            0.0036,
            0.9438,
            0.6759,
            0.6609,
            0.8723,
            0.8776
        ],
        [
            0.661,
            0.7684,
            0.144,
            0.1415,
            0.6194,
            0.8462,
            0.4647,
            0.2051,
            0.2232,
            0.0043,
            0.7803,
            0.2052,
            0.3075,
            0.8163,
            0.3486,
            0.1267,
            0.0257,
            0.8935,
            0.8163,
            0.8319,
            0.3806,
            0.5867,
            0.3612,
            0.12,
            0.0796,
            0.0148,
            0.5828,
            0.5513,
            0.962,
            0.1903,
            0.8498,
            0.0,
            0.3443,
            0.9526,
            0.4327,
            0.3261,
            0.0326,
            0.1338,
            0.1603,
            0.3067,
            0.1666,
            0.4626,
            0.4822,
            0.7959,
            0.3858,
            0.8666,
            0.2578,
            0.0323,
            0.2264,
            0.6614
        ],
        [
            0.8686,
            0.681,
            0.3464,
            0.7325,
            0.2575,
            0.9602,
            0.8846,
            0.1607,
            0.9243,
            0.3714,
            0.5544,
            0.0962,
            0.4604,
            0.8513,
            0.7846,
            0.6904,
            0.1638,
            0.4427,
            0.3573,
            0.4049,
            0.8351,
            0.6759,
            0.8212,
            0.8015,
            0.8043,
            0.3731,
            0.6892,
            0.7885,
            0.2437,
            0.6697,
            0.4263,
            0.1073,
            0.0,
            0.2962,
            0.0909,
            0.7898,
            0.5402,
            0.9036,
            0.5722,
            0.5062,
            0.3972,
            0.4832,
            0.3992,
            0.3158,
            0.8455,
            0.8329,
            0.7213,
            0.5207,
            0.8347,
            0.1194
        ],
        [
            0.2347,
            0.2537,
            0.2038,
            0.2786,
            0.4187,
            0.5125,
            0.7493,
            0.1029,
            0.4693,
            0.3141,
            0.051,
            0.8318,
            0.1198,
            0.7787,
            0.7111,
            0.0376,
            0.9488,
            0.5554,
            0.2058,
            0.9728,
            0.9751,
            0.3191,
            0.4143,
            0.89,
            0.5842,
            0.0672,
            0.993,
            0.276,
            0.8818,
            0.1357,
            0.8764,
            0.7145,
            0.0952,
            0.0,
            0.5025,
            0.7364,
            0.1533,
            0.8642,
            0.2439,
            0.7124,
            0.4744,
            0.0997,
            0.052,
            0.7568,
            0.3205,
            0.5695,
            0.0618,
            0.322,
            0.1681,
            0.8779
        ],
        [
            0.6667,
            0.2282,
            0.5807,
            0.6663,
            0.8296,
            0.635,
            0.4414,
            0.4272,
            0.9658,
            0.8978,
            0.6679,
            0.5465,
            0.1573,
            0.7262,
            0.5783,
            0.2771,
            0.3908,
            0.2603,
            0.854,
            0.2393,
            0.9654,
            0.2732,
            0.8342,
            0.7737,
            0.0617,
            0.8259,
            0.9488,
            0.1244,
            0.1049,
            0.0289,
            0.6764,
            0.8196,
            0.0831,
            0.5387,
            0.0,
            0.8849,
            0.7064,
            0.5118,
            0.3003,
            0.0503,
            0.0936,
            0.2448,
            0.4463,
            0.6468,
            0.3876,
            0.2838,
            0.6227,
            0.464,
            0.5993,
            0.1508
        ],
        [
            0.8383,
            0.4439,
            0.9588,
            0.8296,
            0.6107,
            0.6695,
            0.9126,
            0.1343,
            0.2646,
            0.3417,
            0.1971,
            0.0195,
            0.3481,
            0.0142,
            0.2229,
            0.7603,
            0.1756,
            0.8555,
            0.066,
            0.5183,
            0.2525,
            0.0155,
            0.3525,
            0.9108,
            0.6758,
            0.1308,
            0.2149,
            0.945,
            0.8169,
            0.4326,
            0.9786,
            0.2169,
            0.8671,
            0.679,
            0.4427,
            0.0,
            0.9823,
            0.1324,
            0.4224,
            0.2285,
            0.6265,
            0.0053,
            0.5478,
            0.8504,
            0.733,
            0.7909,
            0.0991,
            0.4812,
            0.0239,
            0.8315
        ],
        [
            0.1205,
            0.5426,
            0.6034,
            0.7226,
            0.7254,
            0.4989,
            0.5279,
            0.401,
            0.3754,
            0.8133,
            0.3973,
            0.1297,
            0.2225,
            0.6116,
            0.0314,
            0.3056,
            0.6434,
            0.4555,
            0.8732,
            0.1268,
            0.2291,
            0.1008,
            0.2431,
            0.9034,
            0.4713,
            0.0986,
            0.7969,
            0.8079,
            0.9315,
            0.3595,
            0.5635,
            0.6922,
            0.7428,
            0.8052,
            0.9454,
            0.1119,
            0.0,
            0.0202,
            0.3433,
            0.1474,
            0.8956,
            0.9239,
            0.1664,
            0.2012,
            0.512,
            0.9038,
            0.8609,
            0.9984,
            0.705,
            0.1832
        ],
        [
            0.0668,
            0.9788,
            0.4056,
            0.3242,
            0.0079,
            0.1769,
            0.4151,
            0.1546,
            0.136,
            0.4587,
            0.9273,
            0.5343,
            0.5783,
            0.1361,
            0.1478,
            0.714,
            0.2003,
            0.5996,
            0.771,
            0.957,
            0.4543,
            0.707,
            0.8741,
            0.39,
            0.4196,
            0.7163,
            0.6207,
            0.3651,
            0.8227,
            0.6963,
            0.7495,
            0.1721,
            0.1172,
            0.4319,
            0.3057,
            0.5383,
            0.5732,
            0.0,
            0.4959,
            0.2754,
            0.7471,
            0.5834,
            0.1223,
            0.3401,
            0.1255,
            0.2669,
            0.4949,
            0.484,
            0.4096,
            0.0406
        ],
        [
            0.6835,
            0.2209,
            0.1234,
            0.7731,
            0.7938,
            0.8465,
            0.6731,
            0.4459,
            0.6211,
            0.8322,
            0.8685,
            0.5413,
            0.6377,
            0.9866,
            0.9234,
            0.2206,
            0.0756,
            0.9466,
            0.3498,
            0.5552,
            0.6332,
            0.6074,
            0.4992,
            0.1637,
            0.1596,
            0.6879,
            0.8108,
            0.8404,
            0.6924,
            0.7273,
            0.0796,
            0.3321,
            0.2941,
            0.2749,
            0.2388,
            0.0571,
            0.6473,
            0.707,
            0.0,
            0.2117,
            0.7796,
            0.6454,
            0.5593,
            0.9882,
            0.9358,
            0.8702,
            0.4604,
            0.1338,
            0.1231,
            0.3524
        ],
        [
            0.6489,
            0.4904,
            0.2416,
            0.7449,
            0.8439,
            0.2532,
            0.213,
            0.974,
            0.4755,
            0.2619,
            0.7849,
            0.4122,
            0.3105,
            0.3252,
            0.4754,
            0.1023,
            0.052,
            0.745,
            0.18,
            0.011,
            0.1198,
            0.3705,
            0.2737,
            0.6437,
            0.3834,
            0.1585,
            0.6248,
            0.3724,
            0.3905,
            0.0574,
            0.4848,
            0.3681,
            0.3361,
            0.3848,
            0.5354,
            0.2984,
            0.2241,
            0.5291,
            0.7247,
            0.0,
            0.875,
            0.5934,
            0.7038,
            0.3713,
            0.6756,
            0.4411,
            0.1826,
            0.2254,
            0.4184,
            0.0305
        ],
        [
            0.3567,
            0.6277,
            0.8165,
            0.8438,
            0.0894,
            0.8073,
            0.5923,
            0.6881,
            0.8522,
            0.2656,
            0.6218,
            0.2878,
            0.352,
            0.2573,
            0.8829,
            0.1275,
            0.366,
            0.8236,
            0.7907,
            0.4766,
            0.8675,
            0.8415,
            0.4059,
            0.5416,
            0.8016,
            0.7666,
            0.7338,
            0.6726,
            0.2829,
            0.7994,
            0.0544,
            0.9106,
            0.688,
            0.3933,
            0.585,
            0.5727,
            0.5287,
            0.2994,
            0.1558,
            0.0739,
            0.0,
            0.8923,
            0.5208,
            0.0217,
            0.5805,
            0.8264,
            0.4267,
            0.0817,
            0.9658,
            0.3646
        ],
        [
            0.32,
            0.3009,
            0.5293,
            0.5095,
            0.8015,
            0.5575,
            0.9461,
            0.1184,
            0.4405,
            0.9335,
            0.9961,
            0.9473,
            0.486,
            0.0723,
            0.3824,
            0.8819,
            0.0329,
            0.752,
            0.5918,
            0.7122,
            0.6559,
            0.3477,
            0.9172,
            0.4708,
            0.8813,
            0.3086,
            0.1775,
            0.0931,
            0.6932,
            0.3434,
            0.1782,
            0.4332,
            0.4628,
            0.6157,
            0.1171,
            0.677,
            0.963,
            0.0338,
            0.8349,
            0.1563,
            0.1513,
            0.0,
            0.445,
            0.324,
            0.0915,
            0.3607,
            0.2528,
            0.0016,
            0.9534,
            0.7626
        ],
        [
            0.487,
            0.5911,
            0.2634,
            0.7492,
            0.3267,
            0.0946,
            0.5528,
            0.8263,
            0.0281,
            0.33,
            0.8537,
            0.4139,
            0.2968,
            0.2003,
            0.5757,
            0.1227,
            0.6057,
            0.7544,
            0.4233,
            0.045,
            0.2395,
            0.3375,
            0.1993,
            0.8012,
            0.8247,
            0.9103,
            0.1162,
            0.7256,
            0.4626,
            0.959,
            0.5819,
            0.4074,
            0.8925,
            0.2623,
            0.7581,
            0.9364,
            0.2794,
            0.3414,
            0.9277,
            0.6163,
            0.8131,
            0.8937,
            0.0,
            0.5664,
            0.2623,
            0.7629,
            0.9728,
            0.8795,
            0.3058,
            0.4429
        ],
        [
            0.7488,
            0.1697,
            0.9964,
            0.087,
            0.3138,
            0.0362,
            0.7189,
            0.2169,
            0.4421,
            0.5517,
            0.551,
            0.8977,
            0.4193,
            0.8789,
            0.9686,
            0.9941,
            0.3156,
            0.4995,
            0.9372,
            0.4393,
            0.6026,
            0.087,
            0.7051,
            0.9102,
            0.0036,
            0.0496,
            0.5366,
            0.6023,
            0.4509,
            0.0073,
            0.3398,
            0.2949,
            0.0914,
            0.5625,
            0.8722,
            0.9965,
            0.4341,
            0.0377,
            0.5067,
            0.2318,
            0.7445,
            0.6494,
            0.5685,
            0.0,
            0.2783,
            0.4283,
            0.632,
            0.0998,
            0.6526,
            0.2839
        ],
        [
            0.2407,
            0.0945,
            0.952,
            0.2524,
            0.3387,
            0.9523,
            0.4797,
            0.2751,
            0.9513,
            0.1224,
            0.4766,
            0.3455,
            0.6679,
            0.664,
            0.0736,
            0.0445,
            0.0799,
            0.0993,
            0.568,
            0.8966,
            0.1704,
            0.7652,
            0.0263,
            0.5499,
            0.2188,
            0.5237,
            0.2045,
            0.6838,
            0.5438,
            0.112,
            0.1347,
            0.23,
            0.4249,
            0.0392,
            0.3322,
            0.6664,
            0.7436,
            0.4568,
            0.9898,
            0.3144,
            0.0754,
            0.0351,
            0.1329,
            0.3892,
            0.0,
            0.6105,
            0.4814,
            0.6166,
            0.4137,
            0.2142
        ],
        [
            0.0727,
            0.9168,
            0.3672,
            0.6312,
            0.0626,
            0.4321,
            0.2377,
            0.9643,
            0.7184,
            0.8643,
            0.7199,
            0.5944,
            0.6229,
            0.745,
            0.1057,
            0.448,
            0.8329,
            0.9211,
            0.4854,
            0.5916,
            0.0424,
            0.2221,
            0.9747,
            0.0151,
            0.3883,
            0.817,
            0.2203,
            0.2161,
            0.1858,
            0.656,
            0.7593,
            0.947,
            0.5869,
            0.2626,
            0.7342,
            0.1617,
            0.284,
            0.4499,
            0.116,
            0.9661,
            0.3568,
            0.0734,
            0.4119,
            0.5434,
            0.7275,
            0.0,
            0.9004,
            0.2373,
            0.2557,
            0.3995
        ],
        [
            0.3981,
            0.239,
            0.5607,
            0.4351,
            0.0211,
            0.5576,
            0.5384,
            0.4151,
            0.0905,
            0.7618,
            0.9275,
            0.028,
            0.6552,
            0.2029,
            0.7741,
            0.559,
            0.5267,
            0.3779,
            0.834,
            0.3561,
            0.8244,
            0.3751,
            0.0883,
            0.418,
            0.4402,
            0.016,
            0.6565,
            0.6138,
            0.1733,
            0.737,
            0.0736,
            0.9574,
            0.832,
            0.4733,
            0.9695,
            0.9473,
            0.5474,
            0.7717,
            0.9388,
            0.7921,
            0.3956,
            0.9837,
            0.5653,
            0.2011,
            0.2059,
            0.9262,
            0.0,
            0.4007,
            0.8548,
            0.4817
        ],
        [
            0.8666,
            0.4524,
            0.1011,
            0.0725,
            0.16,
            0.3367,
            0.6284,
            0.9583,
            0.9274,
            0.3371,
            0.9849,
            0.3746,
            0.0632,
            0.5698,
            0.6772,
            0.6693,
            0.8003,
            0.7579,
            0.591,
            0.2869,
            0.0174,
            0.399,
            0.4081,
            0.5117,
            0.3736,
            0.4818,
            0.2679,
            0.1112,
            0.541,
            0.8441,
            0.1092,
            0.3932,
            0.2842,
            0.2604,
            0.6424,
            0.3342,
            0.3409,
            0.6128,
            0.6757,
            0.3519,
            0.7979,
            0.8971,
            0.44,
            0.3509,
            0.6596,
            0.7594,
            0.0253,
            0.0,
            0.3447,
            0.378
        ],
        [
            0.7722,
            0.6961,
            0.7721,
            0.317,
            0.1075,
            0.0781,
            0.5532,
            0.7655,
            0.9476,
            0.5014,
            0.4889,
            0.6131,
            0.0305,
            0.4399,
            0.8283,
            0.2203,
            0.9159,
            0.8463,
            0.1182,
            0.7875,
            0.6727,
            0.7457,
            0.204,
            0.6028,
            0.1361,
            0.9646,
            0.7743,
            0.1319,
            0.7562,
            0.2821,
            0.2899,
            0.5952,
            0.7202,
            0.9544,
            0.2994,
            0.5209,
            0.3791,
            0.4738,
            0.5658,
            0.1255,
            0.6648,
            0.4057,
            0.1116,
            0.9249,
            0.5428,
            0.5807,
            0.5585,
            0.2849,
            0.0,
            0.2966
        ],
        [
            0.3543,
            0.9915,
            0.7575,
            0.7971,
            0.1105,
            0.7652,
            0.159,
            0.2339,
            0.5095,
            0.25,
            0.2437,
            0.7497,
            0.0368,
            0.1464,
            0.1698,
            0.1174,
            0.8936,
            0.4758,
            0.1903,
            0.0795,
            0.0914,
            0.7912,
            0.5061,
            0.973,
            0.2109,
            0.1166,
            0.3918,
            0.7129,
            0.3443,
            0.1512,
            0.4895,
            0.3962,
            0.3324,
            0.5071,
            0.942,
            0.0216,
            0.4714,
            0.4481,
            0.2562,
            0.348,
            0.843,
            0.0336,
            0.2205,
            0.1543,
            0.9694,
            0.2545,
            0.245,
            0.9419,
            0.2299,
            0.0
        ]
    ]
}